[INFO] 2025-10-06 22:36:09] (MainThread) ===== 开始执行问题难度评估脚本 =====
[INFO] 2025-10-06 22:36:10] (MainThread) 成功从 'D:\JIAYU\Documents\GitHub\Efficient-collaboration\dataset\TestData\s1k1_data.json' 加载 1000 条数据。
[INFO] 2025-10-06 22:36:10] (MainThread) 共发现 1000 条新数据需要处理。
[INFO] 2025-10-06 22:36:13] (Worker_4) 成功为问题 'Two capacitors with capacitance values $C_{1}=2000...' 评定难度: 7
[INFO] 2025-10-06 22:36:13] (Worker_0) 成功为问题 'Given a rational number, write it as a fraction in...' 评定难度: 7
[INFO] 2025-10-06 22:36:13] (Worker_3) 成功为问题 'Compute the mean molecular speed v in the heavy ga...' 评定难度: 7
[INFO] 2025-10-06 22:36:13] (Worker_2) 成功为问题 'Find the remainder when $9 \times 99 \times 999 \t...' 评定难度: 9
[INFO] 2025-10-06 22:36:13] (Worker_1) 成功为问题 'Let  $ \mathcal{H}$  be an infinite-dimensional Hi...' 评定难度: 9
[INFO] 2025-10-06 22:36:14] (Worker_3) 成功为问题 'In a mathematics test number of participants is  $...' 评定难度: 7
[INFO] 2025-10-06 22:36:14] (Worker_1) 成功为问题 'Square $AIME$ has sides of length $10$ units.  Iso...' 评定难度: 7
[INFO] 2025-10-06 22:36:14] (Worker_0) 成功为问题 'Let's say a language  $L \subseteq \{0,1\}^*$  is ...' 评定难度: 7
[WARNING] 2025-10-06 22:36:14] (Worker_2) 未能从模型的响应中解析出数字: 'Let’s break down the problem in a minimal'
[ERROR] 2025-10-06 22:36:14] (Worker_2) 无法为问题 'Kathy has $5$ red cards and $5$ green cards. She s...' 获取难度等级，已跳过。
[WARNING] 2025-10-06 22:36:15] (Worker_4) 未能从模型的响应中解析出数字: 'Let’s break down the problem step by step'
[ERROR] 2025-10-06 22:36:15] (Worker_4) 无法为问题 'One base of a trapezoid is $100$ units longer than...' 获取难度等级，已跳过。
[INFO] 2025-10-06 22:36:15] (Worker_3) 成功为问题 'Consider the following two person game. A number o...' 评定难度: 8
[INFO] 2025-10-06 22:36:16] (Worker_0) 成功为问题 'Prove that the function \[ f(\nu)= \int_1^{\frac{1...' 评定难度: 9
[INFO] 2025-10-06 22:36:16] (Worker_1) 成功为问题 'Suppose  $a,\,b,$  and  $c$  are three complex num...' 评定难度: 8
[INFO] 2025-10-06 22:36:16] (Worker_4) 成功为问题 'A function  $f:[0,\infty)\to[0,\infty)$  is integr...' 评定难度: 8
[INFO] 2025-10-06 22:36:17] (Worker_2) 成功为问题 'Joanie takes a $\$6,\!000$ loan to pay for her car...' 评定难度: 7
[INFO] 2025-10-06 22:36:17] (Worker_1) 成功为问题 'In quantum mechanics, when calculating the interac...' 评定难度: 7
[WARNING] 2025-10-06 22:36:17] (Worker_0) 未能从模型的响应中解析出数字: 'Let’s break down the problem in our minds'
[ERROR] 2025-10-06 22:36:17] (Worker_0) 无法为问题 'For her zeroth project at Magic School, Emilia nee...' 获取难度等级，已跳过。
[INFO] 2025-10-06 22:36:18] (Worker_3) 成功为问题 'Let  $n\geq1$  be a positive integer.  $n$  lamps ...' 评定难度: 7
[INFO] 2025-10-06 22:36:18] (Worker_4) 成功为问题 'Consider the additive group  $\mathbb{Z}^{2}$ . Le...' 评定难度: 7
[WARNING] 2025-10-06 22:36:18] (Worker_2) 未能从模型的响应中解析出数字: 'Let’s break down the problem in our minds'
[ERROR] 2025-10-06 22:36:18] (Worker_2) 无法为问题 'Find the sum of all positive integers $n$ such tha...' 获取难度等级，已跳过。
[INFO] 2025-10-06 22:36:19] (Worker_3) 成功为问题 'Compute the mean molecular speed v in the light ga...' 评定难度: 3
[WARNING] 2025-10-06 22:36:19] (Worker_1) 未能从模型的响应中解析出数字: 'Let’s break down the problem in our minds'
[ERROR] 2025-10-06 22:36:19] (Worker_1) 无法为问题 'For any positive integer $a,$ $\sigma(a)$ denotes ...' 获取难度等级，已跳过。
[INFO] 2025-10-06 22:36:19] (Worker_4) 成功为问题 'Imagine a radioactive nuclei X(Z,A) can decay into...' 评定难度: 7
[INFO] 2025-10-06 22:36:19] (Worker_0) 成功为问题 'Carl chooses a *functional expression**  $E$  whic...' 评定难度: 8
[INFO] 2025-10-06 22:36:20] (Worker_2) 成功为问题 'Consider any rectangular table having finitely man...' 评定难度: 8
[INFO] 2025-10-06 22:36:20] (Worker_3) 成功为问题 'The path of an asteroid that comes close to the Ea...' 评定难度: 7
[INFO] 2025-10-06 22:36:20] (Worker_1) 成功为问题 '2 mol of $\mathrm{Hg}(g)$ is combusted in a fixed ...' 评定难度: 7
[INFO] 2025-10-06 22:36:20] (Worker_4) 成功为问题 'B.4 If $\Delta E_{r m s}=5.54 \times 10^{-17} \mat...' 评定难度: 7
[INFO] 2025-10-06 22:36:21] (Worker_0) 成功为问题 ' $(BEL 5)$  Let  $G$  be the centroid of the trian...' 评定难度: 8
[INFO] 2025-10-06 22:36:21] (Worker_3) 成功为问题 'The sequences of real numbers $\left\{a_{i}\right\...' 评定难度: 8
[INFO] 2025-10-06 22:36:21] (Worker_2) 成功为问题 '10) The handle of a gallon of milk is plugged by a...' 评定难度: 7
[INFO] 2025-10-06 22:36:21] (Worker_4) 成功为问题 'Let $\omega$ be a nonreal root of $x^3 = 1,$ and l...' 评定难度: 7
[INFO] 2025-10-06 22:36:22] (Worker_0) 成功为问题 'Find the number of permutations of $1, 2, 3, 4, 5,...' 评定难度: 8
[WARNING] 2025-10-06 22:36:23] (Worker_1) 未能从模型的响应中解析出数字: 'Let’s break down the problem in my mind'
[ERROR] 2025-10-06 22:36:23] (Worker_1) 无法为问题 'Given are real numbers $x, y$. For any pair of rea...' 获取难度等级，已跳过。
[INFO] 2025-10-06 22:36:23] (Worker_3) 成功为问题 'Find continuous functions  $x(t),\ y(t)$  such tha...' 评定难度: 7
[INFO] 2025-10-06 22:36:23] (Worker_0) 成功为问题 'Let  $(a_i)_{1\le i\le2015}$  be a sequence consis...' 评定难度: 8
[INFO] 2025-10-06 22:36:23] (Worker_2) 成功为问题 'Let $P(x)$ be a polynomial with integer coefficien...' 评定难度: 7
[WARNING] 2025-10-06 22:36:23] (Worker_4) 未能从模型的响应中解析出数字: 'Let’s break down what’s being asked'
[ERROR] 2025-10-06 22:36:23] (Worker_4) 无法为问题 'Segments $\overline{AB}, \overline{AC},$ and $\ove...' 获取难度等级，已跳过。
[WARNING] 2025-10-06 22:36:24] (Worker_1) 未能从模型的响应中解析出数字: 'Let’s break down the problem’s reasoning'
[ERROR] 2025-10-06 22:36:24] (Worker_1) 无法为问题 'Ana, Bob, and Cao bike at constant rates of $8.6$ ...' 获取难度等级，已跳过。
[WARNING] 2025-10-06 22:36:25] (Worker_3) 未能从模型的响应中解析出数字: 'Let’s break down the problem quickly to assess'
[ERROR] 2025-10-06 22:36:25] (Worker_3) 无法为问题 'Consider the integer \[N = 9 + 99 + 999 + 9999 + \...' 获取难度等级，已跳过。
[INFO] 2025-10-06 22:36:25] (Worker_0) 成功为问题 'A particle is located on the coordinate plane at $...' 评定难度: 7
[INFO] 2025-10-06 22:36:25] (Worker_2) 成功为问题 'How many positive integers less than 10,000 have a...' 评定难度: 8
[INFO] 2025-10-06 22:36:25] (Worker_4) 成功为问题 'Identify the final product produced when cyclobuty...' 评定难度: 7
[INFO] 2025-10-06 22:36:26] (Worker_1) 成功为问题 'There is a C-NOT gate where the condition is that ...' 评定难度: 3
[INFO] 2025-10-06 22:36:26] (Worker_0) 成功为问题 'Let  $ f: Z \to Z$  be such that  $ f(1) \equal{} ...' 评定难度: 7
[INFO] 2025-10-06 22:36:26] (Worker_3) 成功为问题 'An ideal gas is expanded from $\left(\mathrm{p}_{1...' 评定难度: 7
[INFO] 2025-10-06 22:36:28] (Worker_2) 成功为问题 '(d) Express $\frac{d^{2} x}{d t^{2}}$ and $\frac{d...' 评定难度: 7
[INFO] 2025-10-06 22:36:28] (Worker_0) 成功为问题 'Prove that if every subspace of a Hausdorff space ...' 评定难度: 9
[INFO] 2025-10-06 22:36:28] (Worker_4) 成功为问题 'A train with cross-sectional area $S_{t}$ is movin...' 评定难度: 7
[INFO] 2025-10-06 22:36:28] (Worker_1) 成功为问题 'An IPv4 packet contains the following data (in hex...' 评定难度: 6
[WARNING] 2025-10-06 22:36:28] (Worker_3) 未能从模型的响应中解析出数字: 'Let’s break down the problem quickly to assess'
[ERROR] 2025-10-06 22:36:28] (Worker_3) 无法为问题 'There is a positive real number $x$ not equal to e...' 获取难度等级，已跳过。
[INFO] 2025-10-06 22:36:29] (Worker_0) 成功为问题 'Say that an integer $A$ is yummy if there exist se...' 评定难度: 7
[INFO] 2025-10-06 22:36:30] (Worker_2) 成功为问题 'Let  $\theta$  be a constant number such that  $0\...' 评定难度: 8
[INFO] 2025-10-06 22:36:30] (Worker_3) 成功为问题 'Let
\[\mathbf{A} = \renewcommand{\arraystretch}{1....' 评定难度: 7
[INFO] 2025-10-06 22:36:30] (Worker_4) 成功为问题 'In triangle $ABC$, medians $AD$ and $CE$ intersect...' 评定难度: 7
[INFO] 2025-10-06 22:36:30] (Worker_1) 成功为问题 'Arrange the nucleophiles (1. 4-methylcyclohexan-1-...' 评定难度: 7
[INFO] 2025-10-06 22:36:31] (Worker_2) 成功为问题 'Let a neighborhood basis of a point  $ x$  of the ...' 评定难度: 9
[INFO] 2025-10-06 22:36:31] (Worker_0) 成功为问题 'Wesyu is a farmer, and she's building a cao (a rel...' 评定难度: 7
[WARNING] 2025-10-06 22:36:31] (Worker_3) 未能从模型的响应中解析出数字: 'Let’s break down the problem in a minimal'
[ERROR] 2025-10-06 22:36:31] (Worker_3) 无法为问题 'Patchouli is taking an exam with  $k > 1$  parts, ...' 获取难度等级，已跳过。
[INFO] 2025-10-06 22:36:32] (Worker_1) 成功为问题 'A stationary source emits sound of frequency $f_{0...' 评定难度: 7
[WARNING] 2025-10-06 22:36:32] (Worker_4) 未能从模型的响应中解析出数字: 'Let’s break down the problem quickly to assess'
[ERROR] 2025-10-06 22:36:32] (Worker_4) 无法为问题 'Jackie and Phil have two fair coins and a third co...' 获取难度等级，已跳过。
[WARNING] 2025-10-06 22:36:33] (Worker_2) 未能从模型的响应中解析出数字: 'Let’s break down the problem in our minds'
[ERROR] 2025-10-06 22:36:33] (Worker_2) 无法为问题 'Let $S$ be the set of integers between 1 and $2^{4...' 获取难度等级，已跳过。
[INFO] 2025-10-06 22:36:33] (Worker_0) 成功为问题 'Find the least positive integer $m$ such that $m^2...' 评定难度: 8
[INFO] 2025-10-06 22:36:33] (Worker_3) 成功为问题 'Let  $P$  denote the set of all ordered pairs  $ \...' 评定难度: 8
[WARNING] 2025-10-06 22:36:33] (Worker_1) 未能从模型的响应中解析出数字: 'Let’s break down the problem quickly.

---

'
[ERROR] 2025-10-06 22:36:33] (Worker_1) 无法为问题 'Let $a_{1}, a_{2}, \ldots$ be a sequence of positi...' 获取难度等级，已跳过。
[INFO] 2025-10-06 22:36:34] (Worker_0) 成功为问题 'Find the eighth term of the sequence $1440,$ $1716...' 评定难度: 7
[WARNING] 2025-10-06 22:36:34] (Worker_4) 未能从模型的响应中解析出数字: 'Let’s break down the problem in my head'
[ERROR] 2025-10-06 22:36:34] (Worker_4) 无法为问题 'A right rectangular prism $P_{}$ (i.e., a rectangu...' 获取难度等级，已跳过。
[INFO] 2025-10-06 22:36:35] (Worker_2) 成功为问题 'Triangle $ABC_0$ has a right angle at $C_0$ . Its ...' 评定难度: 9
[WARNING] 2025-10-06 22:36:35] (Worker_1) 未能从模型的响应中解析出数字: 'Let’s break down the problem’s nature'
[ERROR] 2025-10-06 22:36:35] (Worker_1) 无法为问题 'Given that positive integers  $a,b$  satisfy \[\fr...' 获取难度等级，已跳过。
[INFO] 2025-10-06 22:36:35] (Worker_3) 成功为问题 'Find the number of integer values of $k$ in the cl...' 评定难度: 7
[INFO] 2025-10-06 22:36:35] (Worker_4) 成功为问题 'For some integer $m$ , the polynomial $x^3 - 2011x...' 评定难度: 7
[INFO] 2025-10-06 22:36:36] (Worker_0) 成功为问题 'Call a positive integer $N$ a $\textit{7-10 double...' 评定难度: 7
[INFO] 2025-10-06 22:36:36] (Worker_2) 成功为问题 'Find all numbers  $ n $  for which there exist thr...' 评定难度: 8
[INFO] 2025-10-06 22:36:36] (Worker_4) 成功为问题 'Prove that the sum of the squares of any three pai...' 评定难度: 8
[INFO] 2025-10-06 22:36:37] (Worker_3) 成功为问题 'a. Derive an expression for the deviation of the c...' 评定难度: 7
[WARNING] 2025-10-06 22:36:37] (Worker_1) 未能从模型的响应中解析出数字: 'Let’s break down the problem to assess its'
[ERROR] 2025-10-06 22:36:37] (Worker_1) 无法为问题 'Let $S = \{2^0,2^1,2^2,\ldots,2^{10}\}$ . Consider...' 获取难度等级，已跳过。
[INFO] 2025-10-06 22:36:37] (Worker_0) 成功为问题 'Each unit square of a 3-by-3 unit-square grid is t...' 评定难度: 7
[INFO] 2025-10-06 22:36:37] (Worker_2) 成功为问题 'The function $f$ , defined on the set of ordered p...' 评定难度: 7
[INFO] 2025-10-06 22:36:38] (Worker_3) 成功为问题 'Solve the crossword puzzle. You are presented with...' 评定难度: 7
[INFO] 2025-10-06 22:36:39] (Worker_1) 成功为问题 'Neutrinos are extremely light particles and rarely...' 评定难度: 7
[INFO] 2025-10-06 22:36:39] (Worker_0) 成功为问题 'In triangle $ABC$ , $\tan \angle CAB = 22/7$ , and...' 评定难度: 7
[WARNING] 2025-10-06 22:36:39] (Worker_4) 未能从模型的响应中解析出数字: 'Let’s break down the problem in my head'
[ERROR] 2025-10-06 22:36:39] (Worker_4) 无法为问题 'Jon and Steve ride their bicycles along a path tha...' 获取难度等级，已跳过。
[INFO] 2025-10-06 22:36:39] (Worker_2) 成功为问题 'Suppose the codeword that we use to describe a ran...' 评定难度: 7
[INFO] 2025-10-06 22:36:39] (Worker_3) 成功为问题 'The vertices of a regular nonagon (9-sided polygon...' 评定难度: 8
[WARNING] 2025-10-06 22:36:40] (Worker_1) 未能从模型的响应中解析出数字: 'Let’s break down the problem quickly to assess'
[ERROR] 2025-10-06 22:36:40] (Worker_1) 无法为问题 'Gary purchased a large beverage, but only drank $m...' 获取难度等级，已跳过。
[INFO] 2025-10-06 22:36:40] (Worker_4) 成功为问题 'Let  $f(x)$  be the product of  functions made by ...' 评定难度: 8
[INFO] 2025-10-06 22:36:41] (Worker_3) 成功为问题 'Consider Convolutional Neural Network D2 which tak...' 评定难度: 5
[INFO] 2025-10-06 22:36:41] (Worker_0) 成功为问题 'Each lattice point with nonnegative coordinates is...' 评定难度: 1
[INFO] 2025-10-06 22:36:41] (Worker_2) 成功为问题 'a. What is the electric potential at a corner of t...' 评定难度: 7
[INFO] 2025-10-06 22:36:42] (Worker_1) 成功为问题 'Exactly 2/5th of the children in a certain class a...' 评定难度: 3
[INFO] 2025-10-06 22:36:42] (Worker_4) 成功为问题 'Determine the smallest positive integer  $A$  with...' 评定难度: 8
[INFO] 2025-10-06 22:36:42] (Worker_2) 成功为问题 'Compute $\sum_{k=1}^{1007}\left(\cos \left(\frac{\...' 评定难度: 7
[INFO] 2025-10-06 22:36:42] (Worker_3) 成功为问题 'In triangle $ABC,$ if median $\overline{AD}$ makes...' 评定难度: 7
[INFO] 2025-10-06 22:36:42] (Worker_0) 成功为问题 'Suppose a student who was farsighted wears glasses...' 评定难度: 7
[INFO] 2025-10-06 22:36:43] (Worker_1) 成功为问题 'Determine which set of states mentioned below are ...' 评定难度: 7
[INFO] 2025-10-06 22:36:44] (Worker_2) 成功为问题 'Let $L$ be the line with slope $\frac{5}{12}$ that...' 评定难度: 7
[WARNING] 2025-10-06 22:36:44] (Worker_4) 未能从模型的响应中解析出数字: 'Let’s break down the problem’s reasoning'
[ERROR] 2025-10-06 22:36:44] (Worker_4) 无法为问题 'Triangle $ABC$ has side lengths $AB = 9$ , $BC =$ ...' 获取难度等级，已跳过。
[INFO] 2025-10-06 22:36:44] (Worker_0) 成功为问题 'The majority of stars in our Galaxy form and evolv...' 评定难度: 7
[INFO] 2025-10-06 22:36:44] (Worker_3) 成功为问题 'The decomposition reaction $2 \mathrm{~N}_{2} \mat...' 评定难度: 7
[INFO] 2025-10-06 22:36:45] (Worker_1) 成功为问题 'Perform 2 iterations with the Müller method for th...' 评定难度: 7
[WARNING] 2025-10-06 22:36:45] (Worker_2) 未能从模型的响应中解析出数字: 'Let’s break down what’s being asked'
[ERROR] 2025-10-06 22:36:45] (Worker_2) 无法为问题 'Trapezoid $ABCD^{}_{}$ has sides $AB=92^{}_{}$ , $...' 获取难度等级，已跳过。
[INFO] 2025-10-06 22:36:45] (Worker_4) 成功为问题 'In a gas-tight vessel, a mixture of gases A, B and...' 评定难度: 7
[WARNING] 2025-10-06 22:36:46] (Worker_0) 未能从模型的响应中解析出数字: 'Let’s analyze the problem step by step to'
[ERROR] 2025-10-06 22:36:46] (Worker_0) 无法为问题 'The value of the following series

$$
\sum_{n=2}^{...' 获取难度等级，已跳过。
[INFO] 2025-10-06 22:36:46] (Worker_3) 成功为问题 'Complex numbers $a,$ $b,$ and $c$ are zeros of a p...' 评定难度: 8
[INFO] 2025-10-06 22:36:46] (Worker_2) 成功为问题 'An infinite sequence of real numbers $a_{1}, a_{2}...' 评定难度: 7
[WARNING] 2025-10-06 22:36:47] (Worker_1) 未能从模型的响应中解析出数字: 'Let’s break down the reasoning process needed to'
[ERROR] 2025-10-06 22:36:47] (Worker_1) 无法为问题 'Steve says to Jon, "I am thinking of a polynomial ...' 获取难度等级，已跳过。
[INFO] 2025-10-06 22:36:47] (Worker_3) 成功为问题 'For the complex-valued function  $f(x)$  which is ...' 评定难度: 8
[INFO] 2025-10-06 22:36:47] (Worker_0) 成功为问题 'Find the smallest number  $a$  such that a square ...' 评定难度: 8
[INFO] 2025-10-06 22:36:47] (Worker_4) 成功为问题 'Let  $G$  be a finite group and let  $x_1,…,x_n$  ...' 评定难度: 7
[INFO] 2025-10-06 22:36:48] (Worker_2) 成功为问题 'There is a C-NOT gate where the condition is that ...' 评定难度: 3
[INFO] 2025-10-06 22:36:48] (Worker_3) 成功为问题 'In $\triangle PQR$ , $PR=15$ , $QR=20$ , and $PQ=2...' 评定难度: 7
[INFO] 2025-10-06 22:36:48] (Worker_4) 成功为问题 'If $|x|$ is less than 0.7, then if we use fifth Ma...' 评定难度: 7
[INFO] 2025-10-06 22:36:49] (Worker_0) 成功为问题 'Among the following stars, which one will appear r...' 评定难度: 7
[WARNING] 2025-10-06 22:36:49] (Worker_1) 未能从模型的响应中解析出数字: 'Let’s break down the problem to assess its'
[ERROR] 2025-10-06 22:36:49] (Worker_1) 无法为问题 'Triangle $ABC$ is a right triangle with $AC = 7,$ ...' 获取难度等级，已跳过。
[INFO] 2025-10-06 22:36:50] (Worker_2) 成功为问题 'Consider the integral   $$ \int_{-1}^1 x^nf(x) \; ...' 评定难度: 9
[INFO] 2025-10-06 22:36:50] (Worker_3) 成功为问题 'Let $x, y$ be complex numbers such that \frac{x^{2...' 评定难度: 7
[INFO] 2025-10-06 22:36:50] (Worker_4) 成功为问题 'There are a set of RNAs of approximately 200 or mo...' 评定难度: 7
[INFO] 2025-10-06 22:36:50] (Worker_0) 成功为问题 'For a positive real number $x > 1,$ the Riemann ze...' 评定难度: 7
[INFO] 2025-10-06 22:36:50] (Worker_1) 成功为问题 'How many positive integers have exactly three prop...' 评定难度: 8
[INFO] 2025-10-06 22:36:51] (Worker_2) 成功为问题 'Ten substances are placed in 10 numbered flasks: c...' 评定难度: 8
[WARNING] 2025-10-06 22:36:51] (Worker_3) 未能从模型的响应中解析出数字: 'Let’s break down the problem quickly in our'
[ERROR] 2025-10-06 22:36:51] (Worker_3) 无法为问题 'Find the sum of all positive integers $n$ such tha...' 获取难度等级，已跳过。
[WARNING] 2025-10-06 22:36:51] (Worker_4) 未能从模型的响应中解析出数字: 'Let’s break down what the problem is asking'
[ERROR] 2025-10-06 22:36:51] (Worker_4) 无法为问题 'The graph of the equation $9x+223y=2007$ is drawn ...' 获取难度等级，已跳过。
[INFO] 2025-10-06 22:36:52] (Worker_1) 成功为问题 'c. Find the wind power $P_{w}$ in terms of $P$ and...' 评定难度: 7
[INFO] 2025-10-06 22:36:52] (Worker_0) 成功为问题 '1.  In the rotating frame $S^{\prime}$, show that ...' 评定难度: 7
[INFO] 2025-10-06 22:36:52] (Worker_3) 成功为问题 'Robert has 4 indistinguishable gold coins and 4 in...' 评定难度: 8
[INFO] 2025-10-06 22:36:53] (Worker_2) 成功为问题 'Let  $f(t)$  be the cubic polynomial for  $t$  suc...' 评定难度: 7
[WARNING] 2025-10-06 22:36:53] (Worker_4) 未能从模型的响应中解析出数字: 'Let’s break down the problem to assess its'
[ERROR] 2025-10-06 22:36:53] (Worker_4) 无法为问题 'Find all real numbers $x$ such that \[
x^2 + \left...' 获取难度等级，已跳过。
[INFO] 2025-10-06 22:36:54] (Worker_1) 成功为问题 'Microbiologist found that the minimum inhibitory c...' 评定难度: 3
[INFO] 2025-10-06 22:36:54] (Worker_0) 成功为问题 'Let $G$ be the number of Google hits of "guts roun...' 评定难度: 7
[WARNING] 2025-10-06 22:36:54] (Worker_3) 未能从模型的响应中解析出数字: 'Let’s break down the problem’s reasoning'
[ERROR] 2025-10-06 22:36:54] (Worker_3) 无法为问题 'In a tournament each player played exactly one gam...' 获取难度等级，已跳过。
[INFO] 2025-10-06 22:36:54] (Worker_2) 成功为问题 'TESS Object of Interest (TOI) 402.01 has an orbita...' 评定难度: 7
[INFO] 2025-10-06 22:36:55] (Worker_4) 成功为问题 'Let $a, b, c$, and $d$ be positive real numbers su...' 评定难度: 7
[INFO] 2025-10-06 22:36:55] (Worker_1) 成功为问题 '2.3. Assume that the atmospheric temperature depen...' 评定难度: 4
[INFO] 2025-10-06 22:36:55] (Worker_0) 成功为问题 'Assume we are going to sell a bundle item includin...' 评定难度: 7
[INFO] 2025-10-06 22:36:56] (Worker_2) 成功为问题 'We are planning to construct a ground based radio ...' 评定难度: 7
[WARNING] 2025-10-06 22:36:56] (Worker_4) 未能从模型的响应中解析出数字: 'Let’s break down the problem’s reasoning'
[ERROR] 2025-10-06 22:36:56] (Worker_4) 无法为问题 'On the complex plane, the parallelogram formed by ...' 获取难度等级，已跳过。
[INFO] 2025-10-06 22:36:57] (Worker_1) 成功为问题 'A set of positive numbers has the $triangle~proper...' 评定难度: 8
[WARNING] 2025-10-06 22:36:57] (Worker_3) 未能从模型的响应中解析出数字: 'Let’s break down the problem’s structure'
[ERROR] 2025-10-06 22:36:57] (Worker_3) 无法为问题 'For $\pi \le \theta < 2\pi$ , let \[P=\dfrac12\cos...' 获取难度等级，已跳过。
[INFO] 2025-10-06 22:36:57] (Worker_0) 成功为问题 'If the chiral symmetry of QCD were exact, by what ...' 评定难度: 7
[INFO] 2025-10-06 22:36:57] (Worker_2) 成功为问题 'a. Find the final temperature $T_{f}$ of the two o...' 评定难度: 7
[INFO] 2025-10-06 22:36:58] (Worker_4) 成功为问题 'The terms of the sequence $\{a_i\}$ defined by $a_...' 评定难度: 8
[INFO] 2025-10-06 22:36:58] (Worker_3) 成功为问题 'Let  $ \mathcal G$  be the set of all finite group...' 评定难度: 8
[INFO] 2025-10-06 22:36:58] (Worker_1) 成功为问题 'The CORRECT statement(s) for cubic close packed (c...' 评定难度: 7
[INFO] 2025-10-06 22:36:58] (Worker_0) 成功为问题 'Consider a hexagon with vertices labeled  $M$ ,  $...' 评定难度: 9
[WARNING] 2025-10-06 22:36:59] (Worker_2) 未能从模型的响应中解析出数字: 'Let’s break down the problem’s reasoning'
[ERROR] 2025-10-06 22:36:59] (Worker_2) 无法为问题 'Ellina has twelve blocks, two each of red ( $\text...' 获取难度等级，已跳过。
[INFO] 2025-10-06 22:37:00] (Worker_2) 成功为问题 '2.2.1. Derive the expression of $\Gamma$...' 评定难度: 2
[INFO] 2025-10-06 22:37:00] (Worker_1) 成功为问题 'In hyperdrive, Spaceship-0 is relativistically mov...' 评定难度: 7
[INFO] 2025-10-06 22:37:00] (Worker_0) 成功为问题 'Let $m \circ n=(m+n) /(m n+4)$. Compute $((\cdots(...' 评定难度: 7
[INFO] 2025-10-06 22:37:00] (Worker_3) 成功为问题 'In 1985 the space shuttle Challenger flew a cesium...' 评定难度: 7
[INFO] 2025-10-06 22:37:00] (Worker_4) 成功为问题 'Let $z=a+bi$ be the complex number with $\vert z \...' 评定难度: 8
[INFO] 2025-10-06 22:37:01] (Worker_0) 成功为问题 'The positive real numbers  $a,b,c$  are such that ...' 评定难度: 8
[INFO] 2025-10-06 22:37:02] (Worker_3) 成功为问题 'To determine the parameters \( a_{1}, a_{2}, \) an...' 评定难度: 7
[INFO] 2025-10-06 22:37:02] (Worker_2) 成功为问题 'd. If Carla's stopwatch measures an elapsed time $...' 评定难度: 7
[WARNING] 2025-10-06 22:37:02] (Worker_4) 未能从模型的响应中解析出数字: 'Let’s break down what the problem is asking'
[ERROR] 2025-10-06 22:37:02] (Worker_4) 无法为问题 'Tetrahedron $ABCD$ has $AD=BC=28$ , $AC=BD=44$ , a...' 获取难度等级，已跳过。
[INFO] 2025-10-06 22:37:02] (Worker_1) 成功为问题 'A3 Express the number of photons, $n_{\gamma}(v)$,...' 评定难度: 7
[INFO] 2025-10-06 22:37:03] (Worker_3) 成功为问题 'Let $\mathbf{a},$ $\mathbf{b},$ $\mathbf{c},$ $\ma...' 评定难度: 7
[WARNING] 2025-10-06 22:37:03] (Worker_0) 未能从模型的响应中解析出数字: 'Let’s break down what the problem is asking'
[ERROR] 2025-10-06 22:37:03] (Worker_0) 无法为问题 'The formula for converting a Fahrenheit temperatur...' 获取难度等级，已跳过。
[INFO] 2025-10-06 22:37:03] (Worker_2) 成功为问题 'Let $\lambda$ be a constant, $0 \le \lambda \le 4,...' 评定难度: 7
[INFO] 2025-10-06 22:37:04] (Worker_1) 成功为问题 'Let $S$ be the number of ordered pairs of integers...' 评定难度: 7
[WARNING] 2025-10-06 22:37:04] (Worker_4) 未能从模型的响应中解析出数字: 'Let’s break down the reasoning needed to solve'
[ERROR] 2025-10-06 22:37:04] (Worker_4) 无法为问题 'Three clever monkeys divide a pile of bananas. The...' 获取难度等级，已跳过。
[INFO] 2025-10-06 22:37:04] (Worker_3) 成功为问题 'Determine all positive integers  $n\geq 2$  for wh...' 评定难度: 7
[INFO] 2025-10-06 22:37:05] (Worker_0) 成功为问题 'Three of the edges of a cube are $\overline{AB}, \...' 评定难度: 7
[INFO] 2025-10-06 22:37:05] (Worker_1) 成功为问题 'Let $\{ z_n \}_{n \ge 1}$ be a sequence of complex...' 评定难度: 7
[INFO] 2025-10-06 22:37:05] (Worker_2) 成功为问题 'The conductance of a $0.0015 \mathrm{M}$ aqueous s...' 评定难度: 7
[WARNING] 2025-10-06 22:37:06] (Worker_4) 未能从模型的响应中解析出数字: 'Let’s break this down.

The problem is'
[ERROR] 2025-10-06 22:37:06] (Worker_4) 无法为问题 'Submit an integer between  $0$  and  $100$  inclus...' 获取难度等级，已跳过。
[INFO] 2025-10-06 22:37:06] (Worker_3) 成功为问题 'Use each of the five digits $2, 4, 6, 7$ and $9$ o...' 评定难度: 7
[INFO] 2025-10-06 22:37:06] (Worker_0) 成功为问题 'Function  $f: [a,b]\to\mathbb{R}$ ,  $0<a<b$  is c...' 评定难度: 8
[INFO] 2025-10-06 22:37:07] (Worker_1) 成功为问题 'For a sequence  $x_1,x_2,\ldots,x_n$  of real numb...' 评定难度: 7
[INFO] 2025-10-06 22:37:07] (Worker_4) 成功为问题 'Simple substances of elements A and B, when heated...' 评定难度: 8
[INFO] 2025-10-06 22:37:07] (Worker_2) 成功为问题 'For $\{1, 2, 3, \ldots, n\}$ and each of its nonem...' 评定难度: 7
[INFO] 2025-10-06 22:37:07] (Worker_3) 成功为问题 'How many numbers can you get by multiplying two or...' 评定难度: 7
[INFO] 2025-10-06 22:37:08] (Worker_0) 成功为问题 'Find the number of ordered triples $(a,b,c)$ where...' 评定难度: 7
[INFO] 2025-10-06 22:37:08] (Worker_1) 成功为问题 'Rectangle $ABCD_{}^{}$ has sides $\overline {AB}$ ...' 评定难度: 7
[INFO] 2025-10-06 22:37:09] (Worker_2) 成功为问题 'Let  $f:[0,1]\to\mathbb R$  be a continuous functi...' 评定难度: 8
[INFO] 2025-10-06 22:37:09] (Worker_3) 成功为问题 'Let $P(x)$ be a quadratic polynomial with complex ...' 评定难度: 7
[INFO] 2025-10-06 22:37:09] (Worker_0) 成功为问题 'How many functions $f:\{0,1\}^{3} \rightarrow\{0,1...' 评定难度: 8
[INFO] 2025-10-06 22:37:09] (Worker_4) 成功为问题 'Serge and Lis each have a machine that prints a di...' 评定难度: 7
[INFO] 2025-10-06 22:37:10] (Worker_1) 成功为问题 'Consider two systems of binary black holes at dist...' 评定难度: 7
[INFO] 2025-10-06 22:37:10] (Worker_2) 成功为问题 'In the numbered tubes (№1-5) there are aqueous sol...' 评定难度: 7
[INFO] 2025-10-06 22:37:10] (Worker_0) 成功为问题 'Points  $P_1, P_2, P_3,$  and  $P_4$  are  $(0,0),...' 评定难度: 7
[WARNING] 2025-10-06 22:37:11] (Worker_3) 未能从模型的响应中解析出数字: 'Let’s break down what the problem is asking'
[ERROR] 2025-10-06 22:37:11] (Worker_3) 无法为问题 'For each positive integer $n$ , let $f(n)$ be the ...' 获取难度等级，已跳过。
[INFO] 2025-10-06 22:37:11] (Worker_4) 成功为问题 'Compute the nearest integer to $$100 \sum_{n=1}^{\...' 评定难度: 8
[WARNING] 2025-10-06 22:37:11] (Worker_1) 未能从模型的响应中解析出数字: 'Let’s break down the problem’s nature'
[ERROR] 2025-10-06 22:37:11] (Worker_1) 无法为问题 'Anna and Berta play a game in which they take turn...' 获取难度等级，已跳过。
[INFO] 2025-10-06 22:37:12] (Worker_2) 成功为问题 'Assume the Black-Scholes framework. For $t \ge 0$,...' 评定难度: 7
[INFO] 2025-10-06 22:37:12] (Worker_3) 成功为问题 'For a permutation $\sigma$ of $1,2, \ldots, 7$, a ...' 评定难度: 7
[WARNING] 2025-10-06 22:37:13] (Worker_0) 未能从模型的响应中解析出数字: 'Let’s break down the problem in my mind'
[ERROR] 2025-10-06 22:37:13] (Worker_0) 无法为问题 'Let $\mathcal{S}$ be the set of all perfect square...' 获取难度等级，已跳过。
[INFO] 2025-10-06 22:37:13] (Worker_4) 成功为问题 'For a positive integer  $n$ , two payers  $A$  and...' 评定难度: 7
[INFO] 2025-10-06 22:37:13] (Worker_1) 成功为问题 'Show that if  $n\ge 2$  is an integer, then there ...' 评定难度: 8
[INFO] 2025-10-06 22:37:13] (Worker_2) 成功为问题 'Is the Fourier transform of the signal $x_1(t)=\le...' 评定难度: 7
[INFO] 2025-10-06 22:37:14] (Worker_3) 成功为问题 'Find the vector $\mathbf{v}$ such that
\[\mathbf{i...' 评定难度: 7
[INFO] 2025-10-06 22:37:14] (Worker_0) 成功为问题 'Vortex-like elementary excitations in superfluid h...' 评定难度: 7
[INFO] 2025-10-06 22:37:14] (Worker_1) 成功为问题 '$H_{\alpha}$ is a prominent absorption line in the...' 评定难度: 7
[INFO] 2025-10-06 22:37:14] (Worker_4) 成功为问题 'On a board the following six vectors are written: ...' 评定难度: 7
[INFO] 2025-10-06 22:37:15] (Worker_2) 成功为问题 'A spherical shell with a radius R has an electric ...' 评定难度: 7
[WARNING] 2025-10-06 22:37:15] (Worker_3) 未能从模型的响应中解析出数字: 'Let’s reason through the problem.

---

We'
[ERROR] 2025-10-06 22:37:15] (Worker_3) 无法为问题 'How many different positive values of $x$ will mak...' 获取难度等级，已跳过。
[INFO] 2025-10-06 22:37:15] (Worker_0) 成功为问题 'Consider the following column vectors.

W = (1/sqr...' 评定难度: 7
[WARNING] 2025-10-06 22:37:16] (Worker_4) 未能从模型的响应中解析出数字: 'Let’s break down the problem quickly to assess'
[ERROR] 2025-10-06 22:37:16] (Worker_4) 无法为问题 'A finite set $\mathcal{S}$ of distinct real number...' 获取难度等级，已跳过。
[WARNING] 2025-10-06 22:37:16] (Worker_1) 未能从模型的响应中解析出数字: 'Let’s break down the problem’s structure'
[ERROR] 2025-10-06 22:37:16] (Worker_1) 无法为问题 'Polyhedron $ABCDEFG$ has six faces.  Face $ABCD$ i...' 获取难度等级，已跳过。
[INFO] 2025-10-06 22:37:16] (Worker_3) 成功为问题 'A spy is located on a one-dimensional line. At tim...' 评定难度: 8
[INFO] 2025-10-06 22:37:17] (Worker_2) 成功为问题 'a. Consider an atom in the interior of this contai...' 评定难度: 7
[WARNING] 2025-10-06 22:37:17] (Worker_0) 未能从模型的响应中解析出数字: 'Let’s break down the problem’s structure'
[ERROR] 2025-10-06 22:37:17] (Worker_0) 无法为问题 'For $1 \leq i \leq 215$ let $a_i = \dfrac{1}{2^{i}...' 获取难度等级，已跳过。
[INFO] 2025-10-06 22:37:19] (Worker_4) 成功为问题 'For $1 \leq i \leq 215$ let $a_i = \dfrac{1}{2^{i}...' 评定难度: 7
[INFO] 2025-10-06 22:37:19] (Worker_2) 成功为问题 'Let $a_n=6^{n}+8^{n}$ . Determine the remainder on...' 评定难度: 7
[INFO] 2025-10-06 22:37:19] (Worker_0) 成功为问题 'suppose $x=\sqrt{17}/17$. what is the value of $\f...' 评定难度: 7
[INFO] 2025-10-06 22:37:19] (Worker_1) 成功为问题 'Consider the multiplicative group  $A=\{z\in\mathb...' 评定难度: 7
[WARNING] 2025-10-06 22:37:20] (Worker_3) 未能从模型的响应中解析出数字: 'Let’s break down the problem’s reasoning'
[ERROR] 2025-10-06 22:37:20] (Worker_3) 无法为问题 'Luke is borrowing $\$10{,}000$ from the bank. The ...' 获取难度等级，已跳过。
[INFO] 2025-10-06 22:37:20] (Worker_2) 成功为问题 'Let  $d \ge 2$  be an integer. Prove that there ex...' 评定难度: 9
[INFO] 2025-10-06 22:37:20] (Worker_0) 成功为问题 'A uniform ladder of mass  $m$  and length  $\mathc...' 评定难度: 7
[INFO] 2025-10-06 22:37:20] (Worker_1) 成功为问题 'Let  $R$  be a square region and  $n \ge 4$  an in...' 评定难度: 8
[INFO] 2025-10-06 22:37:21] (Worker_4) 成功为问题 'Suppose that  $G$  is a finite group generated by ...' 评定难度: 7
[INFO] 2025-10-06 22:37:21] (Worker_3) 成功为问题 'Suppose that a sequence  $a_0, a_1, \ldots$  of re...' 评定难度: 7
[INFO] 2025-10-06 22:37:22] (Worker_2) 成功为问题 '(d) The one-dimensional diffusion equation (also c...' 评定难度: 3
[INFO] 2025-10-06 22:37:22] (Worker_1) 成功为问题 'Every group of order $5\cdot7\cdot47=1645 is abeli...' 评定难度: 7
[INFO] 2025-10-06 22:37:22] (Worker_4) 成功为问题 'Consider the function $f: \mathbb{N}_{0} \rightarr...' 评定难度: 7
[INFO] 2025-10-06 22:37:22] (Worker_0) 成功为问题 'A cube with side length 10 is suspended above a pl...' 评定难度: 7
[INFO] 2025-10-06 22:37:23] (Worker_3) 成功为问题 'Let  $\rho:G\to GL(V)$  be a representation of a f...' 评定难度: 8
[INFO] 2025-10-06 22:37:23] (Worker_1) 成功为问题 'Let $x,$ $y,$ and $z$ be positive real numbers suc...' 评定难度: 7
[INFO] 2025-10-06 22:37:23] (Worker_4) 成功为问题 '"Microbiologist inoculated Serratia Marcescens on ...' 评定难度: 7
[INFO] 2025-10-06 22:37:23] (Worker_2) 成功为问题 'An aluminum cylinder 10 cm long, with a cross-sect...' 评定难度: 7
[INFO] 2025-10-06 22:37:24] (Worker_0) 成功为问题 'A straight ladder $A B$ of mass $m=1 \mathrm{~kg}$...' 评定难度: 7
[INFO] 2025-10-06 22:37:24] (Worker_3) 成功为问题 'e. Calculate the projected physical separation, $r...' 评定难度: 7
[INFO] 2025-10-06 22:37:25] (Worker_2) 成功为问题 'Consider a 70\% efficient hydrogen-oxygen fuel cel...' 评定难度: 7
[INFO] 2025-10-06 22:37:25] (Worker_4) 成功为问题 'For each real number  $x$ , let  $\lfloor x \rfloo...' 评定难度: 8
[INFO] 2025-10-06 22:37:25] (Worker_1) 成功为问题 'An ellipse in the first quadrant is tangent to bot...' 评定难度: 8
[INFO] 2025-10-06 22:37:26] (Worker_0) 成功为问题 'Suppose we have a non-ideal gas, and in a certain ...' 评定难度: 7
[INFO] 2025-10-06 22:37:26] (Worker_3) 成功为问题 'A hexagon inscribed in a circle has three consecut...' 评定难度: 7
[INFO] 2025-10-06 22:37:26] (Worker_1) 成功为问题 'Assistants are needed to prepare for preparation. ...' 评定难度: 7
[INFO] 2025-10-06 22:37:27] (Worker_2) 成功为问题 '2.6 If this spherical bubble is now electrified un...' 评定难度: 7
[INFO] 2025-10-06 22:37:27] (Worker_4) 成功为问题 'Let  $t$  be positive number. Draw two tangent lin...' 评定难度: 8
[INFO] 2025-10-06 22:37:27] (Worker_3) 成功为问题 'Solve the crossword puzzle. You are presented with...' 评定难度: 7
[INFO] 2025-10-06 22:37:27] (Worker_1) 成功为问题 'A point whose coordinates are both integers is cal...' 评定难度: 8
[INFO] 2025-10-06 22:37:28] (Worker_0) 成功为问题 'In a school, more than  $90\% $  of the students k...' 评定难度: 7
[INFO] 2025-10-06 22:37:28] (Worker_2) 成功为问题 'Astronomers are studying a star with a 1.8 solar r...' 评定难度: 7
[INFO] 2025-10-06 22:37:29] (Worker_3) 成功为问题 'The shortest distances between an interior diagona...' 评定难度: 8
[INFO] 2025-10-06 22:37:29] (Worker_1) 成功为问题 'In an old coal factory, a conveyor belt will move ...' 评定难度: 7
[WARNING] 2025-10-06 22:37:29] (Worker_4) 未能从模型的响应中解析出数字: 'Let’s break down what the problem is asking'
[ERROR] 2025-10-06 22:37:29] (Worker_4) 无法为问题 'Let $P$ be a point chosen uniformly at random in t...' 获取难度等级，已跳过。
[INFO] 2025-10-06 22:37:29] (Worker_2) 成功为问题 'Radford and Peter ran a race, during which they bo...' 评定难度: 8
[INFO] 2025-10-06 22:37:30] (Worker_0) 成功为问题 'Find the sum of the roots, real and non-real, of t...' 评定难度: 7
[INFO] 2025-10-06 22:37:30] (Worker_3) 成功为问题 'Area of the cross-section of a wire is measured us...' 评定难度: 7
[WARNING] 2025-10-06 22:37:31] (Worker_1) 未能从模型的响应中解析出数字: 'Let’s break down the problem in our minds'
[ERROR] 2025-10-06 22:37:31] (Worker_1) 无法为问题 'Let $w_1$ and $w_2$ denote the circles $x^2+y^2+10...' 获取难度等级，已跳过。
[INFO] 2025-10-06 22:37:31] (Worker_2) 成功为问题 'The workers in a factory produce widgets and whoos...' 评定难度: 7
[INFO] 2025-10-06 22:37:31] (Worker_4) 成功为问题 'For positive integers $n,$ let $\tau (n)$ denote t...' 评定难度: 7
[INFO] 2025-10-06 22:37:31] (Worker_0) 成功为问题 'For a reaction taking place in a container in equi...' 评定难度: 7
[INFO] 2025-10-06 22:37:31] (Worker_3) 成功为问题 'In each unit square of an infinite square grid a n...' 评定难度: 8
[INFO] 2025-10-06 22:37:32] (Worker_1) 成功为问题 'When the vectors $\mathbf{a} = \begin{pmatrix} 1 \...' 评定难度: 7
[INFO] 2025-10-06 22:37:34] (Worker_2) 成功为问题 'Consider two identical galvanometers and two ident...' 评定难度: 7
[INFO] 2025-10-06 22:37:34] (Worker_4) 成功为问题 '1.  When the velocity of the particle is $v$, calc...' 评定难度: 5
[INFO] 2025-10-06 22:37:34] (Worker_0) 成功为问题 'Given an acute triangle  $ABC$  with altituties AD...' 评定难度: 7
[INFO] 2025-10-06 22:37:34] (Worker_1) 成功为问题 'Suppose you are chosen as a technology assistant b...' 评定难度: 9
[INFO] 2025-10-06 22:37:34] (Worker_3) 成功为问题 'Call a positive integer $N$ a 7-10 double if the d...' 评定难度: 8
[INFO] 2025-10-06 22:37:35] (Worker_0) 成功为问题 'For any real numbers $\alpha$ and $\beta$, let $y_...' 评定难度: 7
[INFO] 2025-10-06 22:37:35] (Worker_2) 成功为问题 'Does there exist a finite group  $ G$  with a norm...' 评定难度: 7
[INFO] 2025-10-06 22:37:35] (Worker_1) 成功为问题 'Let $z_1,$ $z_2,$ $z_3$ be complex numbers such th...' 评定难度: 7
[INFO] 2025-10-06 22:37:35] (Worker_3) 成功为问题 'Let  $K$  be a closed subset of the closed unit ba...' 评定难度: 9
[INFO] 2025-10-06 22:37:36] (Worker_4) 成功为问题 'Perform 2 iterations with the Müller method for th...' 评定难度: 7
[INFO] 2025-10-06 22:37:36] (Worker_0) 成功为问题 '<span style="color:darkred"> Let  $(R,+,\cdot)$  b...' 评定难度: 8
[INFO] 2025-10-06 22:37:37] (Worker_3) 成功为问题 'List-I shows different radioactive decay processes...' 评定难度: 7
[INFO] 2025-10-06 22:37:37] (Worker_4) 成功为问题 'A certain planet with radius $R=$ $3 \times 10^{4}...' 评定难度: 7
[WARNING] 2025-10-06 22:37:37] (Worker_2) 未能从模型的响应中解析出数字: 'Let’s break down the problem’s structure'
[ERROR] 2025-10-06 22:37:37] (Worker_2) 无法为问题 'The numbers  $x_1,...x_{100}$  are written on a bo...' 获取难度等级，已跳过。
[INFO] 2025-10-06 22:37:38] (Worker_0) 成功为问题 'In decimal representation   $$ \text {34!=29523279...' 评定难度: 8
[INFO] 2025-10-06 22:37:38] (Worker_1) 成功为问题 'Two Ladders Two straight ladders $A B$ and $C D$, ...' 评定难度: 7
[INFO] 2025-10-06 22:37:38] (Worker_3) 成功为问题 'Let  $\rho:\mathbb{R}^n\to \mathbb{R}$ ,  $\rho(\m...' 评定难度: 9
[INFO] 2025-10-06 22:37:38] (Worker_4) 成功为问题 'In trapezoid  $ABCD$ ,  $AD$  is parallel to  $BC$...' 评定难度: 7
[WARNING] 2025-10-06 22:37:39] (Worker_2) 未能从模型的响应中解析出数字: 'Let’s break down the reasoning for the difficulty'
[ERROR] 2025-10-06 22:37:39] (Worker_2) 无法为问题 'Paul and Sara are playing a game with integers on ...' 获取难度等级，已跳过。
[INFO] 2025-10-06 22:37:39] (Worker_0) 成功为问题 '"Scientist aims to detect two genes using multiple...' 评定难度: 6
[INFO] 2025-10-06 22:37:39] (Worker_1) 成功为问题 'Find the orthogonal trajectories of the family of ...' 评定难度: 7
[INFO] 2025-10-06 22:37:39] (Worker_3) 成功为问题 'For a given positive integer  $m$ , the series   $...' 评定难度: 7
[INFO] 2025-10-06 22:37:40] (Worker_2) 成功为问题 'In the game of *Ring Mafia*, there are  $2019$  co...' 评定难度: 8
[INFO] 2025-10-06 22:37:40] (Worker_0) 成功为问题 'If the sum of all digits of a number is  $7$ , the...' 评定难度: 7
[INFO] 2025-10-06 22:37:41] (Worker_3) 成功为问题 'There exist $r$ unique nonnegative integers $n_1 >...' 评定难度: 7
[INFO] 2025-10-06 22:37:41] (Worker_1) 成功为问题 'Determine all sets of real numbers  $S$  such that...' 评定难度: 9
[INFO] 2025-10-06 22:37:41] (Worker_2) 成功为问题 'In $\triangle ABC$ , $AB= 425$ , $BC=450$ , and $A...' 评定难度: 7
[INFO] 2025-10-06 22:37:42] (Worker_0) 成功为问题 'In triangle $ABC$ , point $D$ is on $\overline{BC}...' 评定难度: 7
[INFO] 2025-10-06 22:37:42] (Worker_1) 成功为问题 'Use the Runge-Kutta method with $h=0.1$ to find ap...' 评定难度: 8
[INFO] 2025-10-06 22:37:42] (Worker_3) 成功为问题 'A2 Find the electron number density $n_{e}$ at equ...' 评定难度: 7
[WARNING] 2025-10-06 22:37:43] (Worker_4) 未能从模型的响应中解析出数字: 'Let’s break down the problem’s nature'
[ERROR] 2025-10-06 22:37:43] (Worker_4) 无法为问题 'Consider the ellipse

\[
\frac{x^{2}}{4}+\frac{y^{...' 获取难度等级，已跳过。
[INFO] 2025-10-06 22:37:43] (Worker_2) 成功为问题 'Given vectors $\overrightarrow{a}$, $\overrightarr...' 评定难度: 7
[INFO] 2025-10-06 22:37:43] (Worker_0) 成功为问题 '2.2 Find the numerical value of $\frac{\rho_{i} T_...' 评定难度: 3
[INFO] 2025-10-06 22:37:44] (Worker_3) 成功为问题 'Lucy was born on Wednesday, December 1st, 2004. Th...' 评定难度: 5
[INFO] 2025-10-06 22:37:44] (Worker_1) 成功为问题 'b. Let the box start at $x=0$, and let $t=0$ be th...' 评定难度: 7
[WARNING] 2025-10-06 22:37:44] (Worker_4) 未能从模型的响应中解析出数字: 'Let’s break down what’s given and'
[ERROR] 2025-10-06 22:37:44] (Worker_4) 无法为问题 'Trapezoid $ABCD$ has sides $AB=92$, $BC=50$, $CD=1...' 获取难度等级，已跳过。
[INFO] 2025-10-06 22:37:45] (Worker_3) 成功为问题 'Given the rest of reaction components:
reactant 1:...' 评定难度: 7
[INFO] 2025-10-06 22:37:45] (Worker_2) 成功为问题 '2.2.2. Calculate the numerical value of $\Gamma$....' 评定难度: 1
[INFO] 2025-10-06 22:37:45] (Worker_1) 成功为问题 'In a resource-limited ecological system, a populat...' 评定难度: 7
[WARNING] 2025-10-06 22:37:46] (Worker_0) 未能从模型的响应中解析出数字: 'Let’s break down the problem quickly to assess'
[ERROR] 2025-10-06 22:37:46] (Worker_0) 无法为问题 ' $ f\left( x \right) \equal{} \frac {x^5}{5x^4 \mi...' 获取难度等级，已跳过。
[INFO] 2025-10-06 22:37:46] (Worker_4) 成功为问题 'Three planets orbit a star circularly in the same ...' 评定难度: 7
[INFO] 2025-10-06 22:37:46] (Worker_2) 成功为问题 'Let  $A$  be a finite ring and  $a,b \in A,$  such...' 评定难度: 7
[INFO] 2025-10-06 22:37:46] (Worker_3) 成功为问题 'Consider the following ratio

R=\frac{\lambda\sigm...' 评定难度: 7
[INFO] 2025-10-06 22:37:47] (Worker_0) 成功为问题 'Let $m \circ n = \frac{m+n}{mn+4}$. Compute $((\cd...' 评定难度: 7
[WARNING] 2025-10-06 22:37:47] (Worker_1) 未能从模型的响应中解析出数字: 'Let’s break down the problem quickly.

We'
[ERROR] 2025-10-06 22:37:47] (Worker_1) 无法为问题 'Find the number of positive integers $n$ less than...' 获取难度等级，已跳过。
[INFO] 2025-10-06 22:37:48] (Worker_4) 成功为问题 'A root of unity is a complex number that is a solu...' 评定难度: 8
[INFO] 2025-10-06 22:37:48] (Worker_3) 成功为问题 'Which one of the following methods/or/observations...' 评定难度: 7
[INFO] 2025-10-06 22:37:48] (Worker_2) 成功为问题 'In the last few decades, reverberation mapping, in...' 评定难度: 7
[INFO] 2025-10-06 22:37:48] (Worker_0) 成功为问题 'Two congruent right circular cones each with base ...' 评定难度: 8
[INFO] 2025-10-06 22:37:48] (Worker_1) 成功为问题 'Consider an electromagnetic wave incident on an in...' 评定难度: 7
[INFO] 2025-10-06 22:37:49] (Worker_4) 成功为问题 'Suppose a ping pong ball of radius $R$, thickness ...' 评定难度: 7
[WARNING] 2025-10-06 22:37:50] (Worker_3) 未能从模型的响应中解析出数字: 'Let’s break down what’s being asked'
[ERROR] 2025-10-06 22:37:50] (Worker_3) 无法为问题 'Rectangle $ABCD$ is given with $AB=63$ and $BC=448...' 获取难度等级，已跳过。
[INFO] 2025-10-06 22:37:50] (Worker_1) 成功为问题 'A bored student walks down a hall that contains a ...' 评定难度: 8
[WARNING] 2025-10-06 22:37:50] (Worker_2) 未能从模型的响应中解析出数字: 'Let’s think through the reasoning for the difficulty'
[ERROR] 2025-10-06 22:37:50] (Worker_2) 无法为问题 'The sum of the following seven numbers is exactly ...' 获取难度等级，已跳过。
[INFO] 2025-10-06 22:37:50] (Worker_0) 成功为问题 'A weird calculator has a numerical display and onl...' 评定难度: 8
[INFO] 2025-10-06 22:37:51] (Worker_3) 成功为问题 'A point charge $+q$ is placed a distance $a$ away ...' 评定难度: 7
[INFO] 2025-10-06 22:37:51] (Worker_0) 成功为问题 'Let  $N$  be the number of functions  $f: \mathbb{...' 评定难度: 8
[INFO] 2025-10-06 22:37:51] (Worker_4) 成功为问题 'Suppose that
\[
        \prod_{n=1}^{\infty}\left(...' 评定难度: 9
[WARNING] 2025-10-06 22:37:51] (Worker_2) 未能从模型的响应中解析出数字: 'Let’s break down the problem quickly to assess'
[ERROR] 2025-10-06 22:37:51] (Worker_2) 无法为问题 'Let $(a,b,c)$ be a real solution of the system of ...' 获取难度等级，已跳过。
[WARNING] 2025-10-06 22:37:52] (Worker_1) 未能从模型的响应中解析出数字: 'Let’s break down the problem in our minds'
[ERROR] 2025-10-06 22:37:52] (Worker_1) 无法为问题 'Find the number of positive integers less than or ...' 获取难度等级，已跳过。
[INFO] 2025-10-06 22:37:52] (Worker_2) 成功为问题 'Let $a_1 = a_2 = a_3 = 1.$  For $n > 3,$ let $a_n$...' 评定难度: 8
[INFO] 2025-10-06 22:37:52] (Worker_4) 成功为问题 'Let  $n \ge 2$   be a natural number and suppose t...' 评定难度: 7
[WARNING] 2025-10-06 22:37:53] (Worker_3) 未能从模型的响应中解析出数字: 'Let’s break down the problem’s reasoning'
[ERROR] 2025-10-06 22:37:53] (Worker_3) 无法为问题 'Point $P$ lies on the diagonal $AC$ of square $ABC...' 获取难度等级，已跳过。
[INFO] 2025-10-06 22:37:53] (Worker_0) 成功为问题 'Find all real $x \in [0, 2 \pi]$ such that
\[\tan ...' 评定难度: 7
[INFO] 2025-10-06 22:37:53] (Worker_1) 成功为问题 'A sequence $(z_n)$ of complex numbers satisfies th...' 评定难度: 8
[INFO] 2025-10-06 22:37:54] (Worker_4) 成功为问题 'Let $a,$ $b,$ $c,$ and $d$ be positive real number...' 评定难度: 7
[INFO] 2025-10-06 22:37:54] (Worker_2) 成功为问题 '25) A planet orbits around a star S, as shown in t...' 评定难度: 7
[INFO] 2025-10-06 22:37:54] (Worker_3) 成功为问题 'Find the surface generated by the solutions of \[ ...' 评定难度: 8
[WARNING] 2025-10-06 22:37:54] (Worker_0) 未能从模型的响应中解析出数字: 'Let’s break down the problem’s features'
[ERROR] 2025-10-06 22:37:54] (Worker_0) 无法为问题 'A bee starts flying from point $P_0$. She flies $1...' 获取难度等级，已跳过。
[INFO] 2025-10-06 22:37:55] (Worker_1) 成功为问题 'Determine all  $n$  for which the system with of e...' 评定难度: 7
[INFO] 2025-10-06 22:37:55] (Worker_3) 成功为问题 'Identify the theoretical 1H-NMR data for the final...' 评定难度: 8
[INFO] 2025-10-06 22:37:55] (Worker_2) 成功为问题 'Consider an LC circuit with one inductor and one c...' 评定难度: 7
[INFO] 2025-10-06 22:37:56] (Worker_4) 成功为问题 'Considering only the principal values of the inver...' 评定难度: 7
[WARNING] 2025-10-06 22:37:56] (Worker_0) 未能从模型的响应中解析出数字: 'Let’s break down the problem in our minds'
[ERROR] 2025-10-06 22:37:56] (Worker_0) 无法为问题 'How many positive integer divisors of $2004^{2004}...' 获取难度等级，已跳过。
[INFO] 2025-10-06 22:37:56] (Worker_1) 成功为问题 'Let $z$ be a complex number such that $z^{23} = 1$...' 评定难度: 7
[INFO] 2025-10-06 22:37:57] (Worker_2) 成功为问题 'A solution is prepared by mixing $0.01 \mathrm{~mo...' 评定难度: 8
[INFO] 2025-10-06 22:37:57] (Worker_3) 成功为问题 'Let  $A,B,C$  be nodes of the lattice  $Z\times Z$...' 评定难度: 9
[INFO] 2025-10-06 22:37:57] (Worker_4) 成功为问题 'Two ants are moving along the edges of a convex po...' 评定难度: 9
[INFO] 2025-10-06 22:37:57] (Worker_0) 成功为问题 'Let $ABCDEF$ be an equiangular hexagon such that $...' 评定难度: 7
[INFO] 2025-10-06 22:37:59] (Worker_4) 成功为问题 'Let $I(R)=\iint_{x^2+y^2 \leq R^2}(\frac{1+2 x^2}{...' 评定难度: 7
[INFO] 2025-10-06 22:37:59] (Worker_0) 成功为问题 'How many positive integers less than or equal to 2...' 评定难度: 8
[INFO] 2025-10-06 22:37:59] (Worker_2) 成功为问题 'It is given that $\log_{6}a + \log_{6}b + \log_{6}...' 评定难度: 7
[INFO] 2025-10-06 22:37:59] (Worker_3) 成功为问题 'Let \( x_{1}, x_{2}, x_{3} \) be non-negative real...' 评定难度: 7
[INFO] 2025-10-06 22:38:00] (Worker_1) 成功为问题 'Solve the crossword puzzle. You are presented with...' 评定难度: 7
[INFO] 2025-10-06 22:38:01] (Worker_0) 成功为问题 'Which of the following products of gamma matrices ...' 评定难度: 7
[INFO] 2025-10-06 22:38:01] (Worker_2) 成功为问题 'On square $ABCD$ , point $E$ lies on side $AD$ and...' 评定难度: 7
[INFO] 2025-10-06 22:38:01] (Worker_4) 成功为问题 '(a) Compute the electric potential inside and outs...' 评定难度: 7
[INFO] 2025-10-06 22:38:01] (Worker_3) 成功为问题 'Let  $(X,d)$  be a metric space with  $d:X\times X...' 评定难度: 8
[INFO] 2025-10-06 22:38:02] (Worker_1) 成功为问题 'For a function  ${u}$  defined on  ${G \subset \Bb...' 评定难度: 9
[INFO] 2025-10-06 22:38:02] (Worker_3) 成功为问题 'Find the continuous function  $f(x)$  such that th...' 评定难度: 8
[WARNING] 2025-10-06 22:38:02] (Worker_2) 未能从模型的响应中解析出数字: 'Let’s break down the problem in my mind'
[ERROR] 2025-10-06 22:38:02] (Worker_2) 无法为问题 'There are  $n\leq 99$  people around a circular ta...' 获取难度等级，已跳过。
[WARNING] 2025-10-06 22:38:03] (Worker_4) 未能从模型的响应中解析出数字: 'Let’s break down the problem quickly to assess'
[ERROR] 2025-10-06 22:38:03] (Worker_4) 无法为问题 'Let $P_1^{}$ be a regular $r~\mbox{gon}$ and $P_2^...' 获取难度等级，已跳过。
[INFO] 2025-10-06 22:38:03] (Worker_0) 成功为问题 'Prove that for any interval  $[a,b]$  of real numb...' 评定难度: 7
[INFO] 2025-10-06 22:38:03] (Worker_1) 成功为问题 'Let  $n$  be a positive integer.  Given a sequence...' 评定难度: 8
[WARNING] 2025-10-06 22:38:04] (Worker_3) 未能从模型的响应中解析出数字: 'Let’s break down the problem’s reasoning'
[ERROR] 2025-10-06 22:38:04] (Worker_3) 无法为问题 'Let $p_{i}$ be the $i$th prime. Let $$f(x)=\sum_{i...' 获取难度等级，已跳过。
[INFO] 2025-10-06 22:38:04] (Worker_2) 成功为问题 '(a) Let  $n$  is a positive integer. Calculate  $\...' 评定难度: 7
[INFO] 2025-10-06 22:38:04] (Worker_4) 成功为问题 'Determine the exact value of
\[\sqrt{\left( 2 - \s...' 评定难度: 8
[INFO] 2025-10-06 22:38:05] (Worker_0) 成功为问题 'Let  $\mathcal F$  be the set of functions  $f(x,y...' 评定难度: 7
[WARNING] 2025-10-06 22:38:05] (Worker_1) 未能从模型的响应中解析出数字: 'Let’s break down what’s being asked'
[ERROR] 2025-10-06 22:38:05] (Worker_1) 无法为问题 'In triangle $ABC$ , $AB = 10$ , $BC = 14$ , and $C...' 获取难度等级，已跳过。
[INFO] 2025-10-06 22:38:06] (Worker_2) 成功为问题 'Let $\mathbf{a},$ $\mathbf{b},$ $\mathbf{c}$ be ve...' 评定难度: 7
[INFO] 2025-10-06 22:38:06] (Worker_3) 成功为问题 'Let  $\mathbb{N}_0$  and  $\mathbb{Z}$  be the set...' 评定难度: 7
[INFO] 2025-10-06 22:38:06] (Worker_4) 成功为问题 'Do either  $(1)$  or  $(2)$  $(1)$     $x$  and  $...' 评定难度: 7
[INFO] 2025-10-06 22:38:06] (Worker_0) 成功为问题 'Non-relativistic particles of mass m1, coming from...' 评定难度: 7
[INFO] 2025-10-06 22:38:07] (Worker_3) 成功为问题 'In the  $ xy$  plane, the line  $ l$  touches to 2...' 评定难度: 7
[INFO] 2025-10-06 22:38:07] (Worker_2) 成功为问题 'Consider the set of continuous functions  $f$ , wh...' 评定难度: 7
[INFO] 2025-10-06 22:38:07] (Worker_1) 成功为问题 'A.4 In the ultrarelativistic limit, the energy of ...' 评定难度: 7
[INFO] 2025-10-06 22:38:08] (Worker_0) 成功为问题 'Find the area of the region enclosed by the graph ...' 评定难度: 8
[INFO] 2025-10-06 22:38:08] (Worker_4) 成功为问题 'Find the number of positive integers $m$ for which...' 评定难度: 1
[INFO] 2025-10-06 22:38:08] (Worker_3) 成功为问题 'The sequence $\left(z_{n}\right)$ of complex numbe...' 评定难度: 7
[WARNING] 2025-10-06 22:38:09] (Worker_2) 未能从模型的响应中解析出数字: 'Let’s break down what’s being asked'
[ERROR] 2025-10-06 22:38:09] (Worker_2) 无法为问题 'Let  $A_1B_1C_1$ ,  $A_2B_2C_2$ , and  $A_3B_3C_3$...' 获取难度等级，已跳过。
[INFO] 2025-10-06 22:38:09] (Worker_1) 成功为问题 'Andile and Zandre play a game on a  $2017 \times 2...' 评定难度: 9
[INFO] 2025-10-06 22:38:09] (Worker_4) 成功为问题 'A8 The band gap of pure silicon is $E_{\mathrm{g}}...' 评定难度: 3
[INFO] 2025-10-06 22:38:10] (Worker_0) 成功为问题 'Consider the ellipse  $E: 3x^2+y^2=3$  and the hyp...' 评定难度: 7
[INFO] 2025-10-06 22:38:10] (Worker_3) 成功为问题 'Triangle $ABC$ is isosceles with $AC = BC$ and $\a...' 评定难度: 7
[INFO] 2025-10-06 22:38:10] (Worker_2) 成功为问题 'A container in the shape of a right circular cone ...' 评定难度: 7
[INFO] 2025-10-06 22:38:11] (Worker_1) 成功为问题 'In a certain country  $10\%$  of the employees get...' 评定难度: 8
[INFO] 2025-10-06 22:38:11] (Worker_0) 成功为问题 'Given integer  $m\geq2$ , $x_1,...,x_m$  are non-n...' 评定难度: 9
[WARNING] 2025-10-06 22:38:11] (Worker_4) 未能从模型的响应中解析出数字: 'Let’s break down the problem quickly to assess'
[ERROR] 2025-10-06 22:38:11] (Worker_4) 无法为问题 'Circle $C$ with radius 2 has diameter $\overline{A...' 获取难度等级，已跳过。
[WARNING] 2025-10-06 22:38:12] (Worker_3) 未能从模型的响应中解析出数字: 'Let’s break down the problem in my head'
[ERROR] 2025-10-06 22:38:12] (Worker_3) 无法为问题 'Given a real number $x,$ let $\lfloor x \rfloor$ d...' 获取难度等级，已跳过。
[INFO] 2025-10-06 22:38:12] (Worker_2) 成功为问题 'Find the eigenvalues and their multiplicities of t...' 评定难度: 9
[INFO] 2025-10-06 22:38:12] (Worker_1) 成功为问题 'Given vector  $\mathbf{u}=\left(\frac{1}{3}, \frac...' 评定难度: 7
[WARNING] 2025-10-06 22:38:13] (Worker_0) 未能从模型的响应中解析出数字: 'Let’s analyze the problem.

We are given'
[ERROR] 2025-10-06 22:38:13] (Worker_0) 无法为问题 'Real numbers  $a$ ,  $b$ ,  $c$  satisfy the equat...' 获取难度等级，已跳过。
[INFO] 2025-10-06 22:38:13] (Worker_3) 成功为问题 'In the far future, the Earth received an enormous ...' 评定难度: 7
[WARNING] 2025-10-06 22:38:13] (Worker_4) 未能从模型的响应中解析出数字: 'Let’s break down the problem’s components'
[ERROR] 2025-10-06 22:38:13] (Worker_4) 无法为问题 'Circles $\mathcal{C}_{1}$ and $\mathcal{C}_{2}$ in...' 获取难度等级，已跳过。
[WARNING] 2025-10-06 22:38:13] (Worker_2) 未能从模型的响应中解析出数字: 'Let’s break down the problem’s reasoning'
[ERROR] 2025-10-06 22:38:13] (Worker_2) 无法为问题 'A straight river that is $264$ meters wide flows f...' 获取难度等级，已跳过。
[INFO] 2025-10-06 22:38:14] (Worker_1) 成功为问题 'Let  $n \geq 2$  be a natural. Define   $$ X = \{ ...' 评定难度: 7
[INFO] 2025-10-06 22:38:14] (Worker_4) 成功为问题 'ii. Estimate the time $t_{2}$ needed for the radiu...' 评定难度: 3
[INFO] 2025-10-06 22:38:14] (Worker_0) 成功为问题 '(b) Any real inductor has undesired, or parasitic,...' 评定难度: 7
[WARNING] 2025-10-06 22:38:14] (Worker_3) 未能从模型的响应中解析出数字: 'Let’s break down the problem’s reasoning'
[ERROR] 2025-10-06 22:38:14] (Worker_3) 无法为问题 'Let $P(x)$ be a nonzero polynomial such that $(x-1...' 获取难度等级，已跳过。
[WARNING] 2025-10-06 22:38:15] (Worker_2) 未能从模型的响应中解析出数字: 'Let’s break down what’s being asked'
[ERROR] 2025-10-06 22:38:15] (Worker_2) 无法为问题 'For $\{1, 2, 3, \ldots, n\}$ and each of its non-e...' 获取难度等级，已跳过。
[INFO] 2025-10-06 22:38:16] (Worker_1) 成功为问题 'Which one of the following is a correct expression...' 评定难度: 7
[INFO] 2025-10-06 22:38:17] (Worker_0) 成功为问题 'A student steps onto a stationary elevator and sta...' 评定难度: 7
[INFO] 2025-10-06 22:38:17] (Worker_4) 成功为问题 'You would like to use PCR to amplify the following...' 评定难度: 7
[INFO] 2025-10-06 22:38:17] (Worker_3) 成功为问题 '(a)	Decide whether there exist two decimal digits ...' 评定难度: 8
[WARNING] 2025-10-06 22:38:17] (Worker_2) 未能从模型的响应中解析出数字: 'Let’s break down what’s involved in'
[ERROR] 2025-10-06 22:38:17] (Worker_2) 无法为问题 'The points $A$ , $B$ and $C$ lie on the surface of...' 获取难度等级，已跳过。
[INFO] 2025-10-06 22:38:18] (Worker_4) 成功为问题 '1.2.1. Write down the expression giving the atmosp...' 评定难度: 3
[WARNING] 2025-10-06 22:38:18] (Worker_3) 未能从模型的响应中解析出数字: 'Let’s break down the problem in a minimal'
[ERROR] 2025-10-06 22:38:18] (Worker_3) 无法为问题 'Alpha and Beta both took part in a two-day problem...' 获取难度等级，已跳过。
[INFO] 2025-10-06 22:38:18] (Worker_0) 成功为问题 'A collimated beam emerges from an analyzing spectr...' 评定难度: 7
[INFO] 2025-10-06 22:38:18] (Worker_1) 成功为问题 'i. Assume that in the steady state, conditions hav...' 评定难度: 7
[INFO] 2025-10-06 22:38:18] (Worker_2) 成功为问题 'Flasks A, B, and C each have a circular base with ...' 评定难度: 7
[INFO] 2025-10-06 22:38:19] (Worker_4) 成功为问题 'A hexagon that is inscribed in a circle has side l...' 评定难度: 8
[INFO] 2025-10-06 22:38:20] (Worker_0) 成功为问题 'For a continuous and absolutely integrable complex...' 评定难度: 7
[INFO] 2025-10-06 22:38:20] (Worker_3) 成功为问题 'Enya and John are of normal phenotype but they hav...' 评定难度: 6
[WARNING] 2025-10-06 22:38:20] (Worker_2) 未能从模型的响应中解析出数字: 'Let’s break down the problem step by step'
[ERROR] 2025-10-06 22:38:20] (Worker_2) 无法为问题 'Let $\tau(n)$ denote the number of positive intege...' 获取难度等级，已跳过。
[WARNING] 2025-10-06 22:38:21] (Worker_1) 未能从模型的响应中解析出数字: 'Let’s break down the reasoning for the difficulty'
[ERROR] 2025-10-06 22:38:21] (Worker_1) 无法为问题 'Let a sequence be defined as follows: $a_1 = 3,$ $...' 获取难度等级，已跳过。
[INFO] 2025-10-06 22:38:21] (Worker_3) 成功为问题 'Arrange given compounds (1. Acetophenone, 2. propa...' 评定难度: 7
[INFO] 2025-10-06 22:38:21] (Worker_0) 成功为问题 'In triangle $ABC$ , $AB = 125$ , $AC = 117$ , and ...' 评定难度: 7
[WARNING] 2025-10-06 22:38:21] (Worker_4) 未能从模型的响应中解析出数字: 'Let’s break down the reasoning for difficulty assessment'
[ERROR] 2025-10-06 22:38:21] (Worker_4) 无法为问题 'Suppose that $a$ , $b$ , and $c$ are positive real...' 获取难度等级，已跳过。
[INFO] 2025-10-06 22:38:22] (Worker_2) 成功为问题 'A mixture of ideal gas containing 5 moles of monat...' 评定难度: 7
[INFO] 2025-10-06 22:38:22] (Worker_1) 成功为问题 'The real root of the equation $8x^3-3x^2-3x-1=0$ c...' 评定难度: 7
[INFO] 2025-10-06 22:38:23] (Worker_3) 成功为问题 'Call a three-term strictly increasing arithmetic s...' 评定难度: 8
[INFO] 2025-10-06 22:38:23] (Worker_0) 成功为问题 'Let $x,$ $y,$ $z$ be positive real numbers such th...' 评定难度: 7
[INFO] 2025-10-06 22:38:23] (Worker_4) 成功为问题 'Von Neumann's Poker: The first step in Von Neumann...' 评定难度: 7
[INFO] 2025-10-06 22:38:23] (Worker_2) 成功为问题 'Solve the crossword puzzle. You are presented with...' 评定难度: 7
[INFO] 2025-10-06 22:38:24] (Worker_1) 成功为问题 'Given a positive integer  $k$ , find the least int...' 评定难度: 8
[INFO] 2025-10-06 22:38:24] (Worker_3) 成功为问题 'This question is a followup of part b. In this que...' 评定难度: 8
[INFO] 2025-10-06 22:38:24] (Worker_4) 成功为问题 'Let $w$ and $z$ be complex numbers such that $|w| ...' 评定难度: 7
[INFO] 2025-10-06 22:38:24] (Worker_0) 成功为问题 'For the integer  $n>1$ , define  $D(n)=\{ a-b\mid ...' 评定难度: 9
[INFO] 2025-10-06 22:38:25] (Worker_2) 成功为问题 'A gas is enclosed in a cylinder with a movable fri...' 评定难度: 7
[INFO] 2025-10-06 22:38:25] (Worker_1) 成功为问题 'We define two sequences of vectors $(\mathbf{v}_n)...' 评定难度: 7
[INFO] 2025-10-06 22:38:26] (Worker_0) 成功为问题 'A spin-half particle is in a mixed ensemble. The s...' 评定难度: 7
[INFO] 2025-10-06 22:38:26] (Worker_4) 成功为问题 'Astronomers are studying a star with a 1.4 solar r...' 评定难度: 7
[INFO] 2025-10-06 22:38:26] (Worker_2) 成功为问题 'Triangles $\triangle ABC$ and $\triangle A'B'C'$ l...' 评定难度: 7
[WARNING] 2025-10-06 22:38:26] (Worker_3) 未能从模型的响应中解析出数字: 'Let’s break down what the problem is asking'
[ERROR] 2025-10-06 22:38:26] (Worker_3) 无法为问题 'For a permutation $p = (a_1,a_2,\ldots,a_9)$ of th...' 获取难度等级，已跳过。
[INFO] 2025-10-06 22:38:26] (Worker_1) 成功为问题 'What is the value of the sum
\[
  \sum_z \frac{1}{...' 评定难度: 7
[INFO] 2025-10-06 22:38:27] (Worker_0) 成功为问题 'In a particular system of units, a physical quanti...' 评定难度: 7
[WARNING] 2025-10-06 22:38:28] (Worker_3) 未能从模型的响应中解析出数字: 'Let’s break down the problem step by step'
[ERROR] 2025-10-06 22:38:28] (Worker_3) 无法为问题 'Let $|M|$ denote the determinant of a square matri...' 获取难度等级，已跳过。
[INFO] 2025-10-06 22:38:28] (Worker_1) 成功为问题 'Given the following equation: x^4 - x - 10 = 0. de...' 评定难度: 7
[INFO] 2025-10-06 22:38:28] (Worker_2) 成功为问题 'Let G, H be two finite groups, and let  $\varphi, ...' 评定难度: 7
[WARNING] 2025-10-06 22:38:28] (Worker_4) 未能从模型的响应中解析出数字: 'Let’s break down the problem quickly to assess'
[ERROR] 2025-10-06 22:38:28] (Worker_4) 无法为问题 'Let $P(z)=z^3+az^2+bz+c$ , where $a$ , $b$ , and $...' 获取难度等级，已跳过。
[INFO] 2025-10-06 22:38:29] (Worker_0) 成功为问题 'methyl (E)-but-2-enoate is treated with quinuclidi...' 评定难度: 7
[INFO] 2025-10-06 22:38:29] (Worker_3) 成功为问题 'Identify the starting material (A) and the final p...' 评定难度: 7
[INFO] 2025-10-06 22:38:30] (Worker_2) 成功为问题 'The workers in a factory produce widgets and whoos...' 评定难度: 7
[WARNING] 2025-10-06 22:38:30] (Worker_4) 未能从模型的响应中解析出数字: 'Let’s break down the problem’s reasoning'
[ERROR] 2025-10-06 22:38:30] (Worker_4) 无法为问题 'Two different points, $C$ and $D$ , lie on the sam...' 获取难度等级，已跳过。
[INFO] 2025-10-06 22:38:30] (Worker_1) 成功为问题 'A biologist wants to calculate the number of fish ...' 评定难度: 7
[INFO] 2025-10-06 22:38:31] (Worker_0) 成功为问题 'What is the largest positive integer $n$ for which...' 评定难度: 7
[INFO] 2025-10-06 22:38:31] (Worker_1) 成功为问题 'Let $a, b, x,$ and $y$ be real numbers with $a>4$ ...' 评定难度: 8
[WARNING] 2025-10-06 22:38:31] (Worker_3) 未能从模型的响应中解析出数字: 'Let’s break down the problem in our minds'
[ERROR] 2025-10-06 22:38:31] (Worker_3) 无法为问题 'The number  $r$  can be expressed as a four-place ...' 获取难度等级，已跳过。
[INFO] 2025-10-06 22:38:32] (Worker_2) 成功为问题 'Let  $A$  be a finite ring. Show that there exists...' 评定难度: 7
[WARNING] 2025-10-06 22:38:32] (Worker_4) 未能从模型的响应中解析出数字: 'Let’s break down what the problem is asking'
[ERROR] 2025-10-06 22:38:32] (Worker_4) 无法为问题 'An angle $x$ is chosen at random from the interval...' 获取难度等级，已跳过。
[INFO] 2025-10-06 22:38:33] (Worker_3) 成功为问题 'Consider the natural implementation of computing F...' 评定难度: 7
[INFO] 2025-10-06 22:38:33] (Worker_2) 成功为问题 'Let $x$ and $y$ be real numbers satisfying $x^4y^5...' 评定难度: 7
[INFO] 2025-10-06 22:38:33] (Worker_1) 成功为问题 'A coating is applied to a substrate resulting in a...' 评定难度: 7
[INFO] 2025-10-06 22:38:33] (Worker_0) 成功为问题 'Let  $ A$  be a unitary finite ring with  $ n$  el...' 评定难度: 8
[WARNING] 2025-10-06 22:38:34] (Worker_4) 未能从模型的响应中解析出数字: 'Let’s break down the problem’s reasoning'
[ERROR] 2025-10-06 22:38:34] (Worker_4) 无法为问题 'Let  $\mathcal{P}_1$  and  $\mathcal{P}_2$  be two...' 获取难度等级，已跳过。
[INFO] 2025-10-06 22:38:34] (Worker_0) 成功为问题 'Numbers $m$ and $n$ are on the number line. What i...' 评定难度: 4
[INFO] 2025-10-06 22:38:35] (Worker_3) 成功为问题 'Find the number of positive integers that are divi...' 评定难度: 8
[WARNING] 2025-10-06 22:38:35] (Worker_1) 未能从模型的响应中解析出数字: 'Let’s break down the problem in our minds'
[ERROR] 2025-10-06 22:38:35] (Worker_1) 无法为问题 'A club consisting of $11$ men and $12$ women needs...' 获取难度等级，已跳过。
[WARNING] 2025-10-06 22:38:35] (Worker_2) 未能从模型的响应中解析出数字: 'Let’s break down the problem quickly to assess'
[ERROR] 2025-10-06 22:38:35] (Worker_2) 无法为问题 'In an increasing sequence of four positive integer...' 获取难度等级，已跳过。
[INFO] 2025-10-06 22:38:35] (Worker_4) 成功为问题 'We have  $ n \geq 2$  lamps  $ L_{1}, . . . ,L_{n}...' 评定难度: 7
[INFO] 2025-10-06 22:38:35] (Worker_0) 成功为问题 'Let $S$ be the set of complex numbers of the form ...' 评定难度: 7
[INFO] 2025-10-06 22:38:36] (Worker_4) 成功为问题 'Let  $G$  be a group with  $m$  elements and let  ...' 评定难度: 7
[INFO] 2025-10-06 22:38:36] (Worker_3) 成功为问题 'A circle with diameter $\overline{PQ}\,$ of length...' 评定难度: 7
[WARNING] 2025-10-06 22:38:36] (Worker_2) 未能从模型的响应中解析出数字: 'Let’s break down the reasoning process needed to'
[ERROR] 2025-10-06 22:38:36] (Worker_2) 无法为问题 'Two mathematicians, Kelly and Jason, play a cooper...' 获取难度等级，已跳过。
[INFO] 2025-10-06 22:38:37] (Worker_1) 成功为问题 'Let  $A=\{1,2,\ldots,2012\}, \: B=\{1,2,\ldots,19\...' 评定难度: 9
[INFO] 2025-10-06 22:38:37] (Worker_0) 成功为问题 'A particle of mass m moves in a 1D potential given...' 评定难度: 7
[INFO] 2025-10-06 22:38:37] (Worker_3) 成功为问题 'Let $v$ and $w$ be distinct, randomly chosen roots...' 评定难度: 7
[INFO] 2025-10-06 22:38:38] (Worker_4) 成功为问题 'Let  $ U$  be a real normed space such that, for a...' 评定难度: 9
[WARNING] 2025-10-06 22:38:38] (Worker_2) 未能从模型的响应中解析出数字: 'Let’s break down the reasoning for difficulty assessment'
[ERROR] 2025-10-06 22:38:38] (Worker_2) 无法为问题 'Suppose that $x$ , $y$ , and $z$ are complex numbe...' 获取难度等级，已跳过。
[INFO] 2025-10-06 22:38:38] (Worker_1) 成功为问题 'Consider the fission of $^{236}U$ into two equal m...' 评定难度: 7
[INFO] 2025-10-06 22:38:38] (Worker_0) 成功为问题 'Gases A and B are binary compounds consisting of t...' 评定难度: 7
[INFO] 2025-10-06 22:38:39] (Worker_4) 成功为问题 'The set  $S$  contains nine numbers. The mean of t...' 评定难度: 7
[INFO] 2025-10-06 22:38:40] (Worker_2) 成功为问题 'Solve the crossword puzzle. You are presented with...' 评定难度: 6
[INFO] 2025-10-06 22:38:40] (Worker_3) 成功为问题 'FemtoPravis is walking on an $8 \times 8$ chessboa...' 评定难度: 8
[WARNING] 2025-10-06 22:38:40] (Worker_1) 未能从模型的响应中解析出数字: 'Let’s break down what’s being asked'
[ERROR] 2025-10-06 22:38:40] (Worker_1) 无法为问题 'Let  $P$ ,  $A$ ,  $B$ ,  $C$ ,  $D$  be points on...' 获取难度等级，已跳过。
[INFO] 2025-10-06 22:38:40] (Worker_0) 成功为问题 'Anca and Bruce left Mathville at the same time. Th...' 评定难度: 4
[INFO] 2025-10-06 22:38:41] (Worker_2) 成功为问题 'Solve the crossword puzzle. You are presented with...' 评定难度: 7
[INFO] 2025-10-06 22:38:41] (Worker_1) 成功为问题 'The binding energy of nucleons in a nucleus can be...' 评定难度: 7
[INFO] 2025-10-06 22:38:41] (Worker_3) 成功为问题 'Triangle $ABC$ has $AB=21$ , $AC=22$ and $BC=20$ ....' 评定难度: 7
[WARNING] 2025-10-06 22:38:41] (Worker_4) 未能从模型的响应中解析出数字: 'Let’s break down the problem in my mind'
[ERROR] 2025-10-06 22:38:41] (Worker_4) 无法为问题 'On a long straight stretch of one-way single-lane ...' 获取难度等级，已跳过。
[WARNING] 2025-10-06 22:38:42] (Worker_0) 未能从模型的响应中解析出数字: 'Let’s break down the problem to assess its'
[ERROR] 2025-10-06 22:38:42] (Worker_0) 无法为问题 'Square $ABCD$ is inscribed in a circle. Square $EF...' 获取难度等级，已跳过。
[INFO] 2025-10-06 22:38:42] (Worker_2) 成功为问题 'Given $f(z) = z^2-19z$ , there are complex numbers...' 评定难度: 7
[INFO] 2025-10-06 22:38:43] (Worker_3) 成功为问题 'Let $z_1,$ $z_2,$ $z_3$ be complex numbers such th...' 评定难度: 8
[INFO] 2025-10-06 22:38:43] (Worker_4) 成功为问题 'Let  $n$  be a positive integer. An  $n \times n$ ...' 评定难度: 8
[WARNING] 2025-10-06 22:38:43] (Worker_1) 未能从模型的响应中解析出数字: 'Let’s break down the problem’s reasoning'
[ERROR] 2025-10-06 22:38:43] (Worker_1) 无法为问题 'There is a set of 1000 switches, each of which has...' 获取难度等级，已跳过。
[INFO] 2025-10-06 22:38:43] (Worker_0) 成功为问题 'b. Find the minimum temperature $T_{L}$ to which t...' 评定难度: 7
[WARNING] 2025-10-06 22:38:44] (Worker_2) 未能从模型的响应中解析出数字: 'Let’s break down the problem in my head'
[ERROR] 2025-10-06 22:38:44] (Worker_2) 无法为问题 'Let $[r,s]$ denote the least common multiple of po...' 获取难度等级，已跳过。
[INFO] 2025-10-06 22:38:45] (Worker_3) 成功为问题 'Let  $G_1$  and  $G_2$  be two finite groups such ...' 评定难度: 9
[WARNING] 2025-10-06 22:38:45] (Worker_4) 未能从模型的响应中解析出数字: 'Let’s break down the problem in our minds'
[ERROR] 2025-10-06 22:38:45] (Worker_4) 无法为问题 'Let $\mathcal{S}$ be the set $\lbrace1,2,3,\ldots,...' 获取难度等级，已跳过。
[INFO] 2025-10-06 22:38:45] (Worker_0) 成功为问题 'You are given integrable random variables \( X, Y_...' 评定难度: 9
[WARNING] 2025-10-06 22:38:45] (Worker_1) 未能从模型的响应中解析出数字: 'Let’s break down the problem in our minds'
[ERROR] 2025-10-06 22:38:45] (Worker_1) 无法为问题 'Let $S$ be the set of points whose coordinates $x,...' 获取难度等级，已跳过。
[INFO] 2025-10-06 22:38:46] (Worker_2) 成功为问题 'Dissociating gas cycle

Dinitrogen tetroxide forms...' 评定难度: 7
[INFO] 2025-10-06 22:38:46] (Worker_3) 成功为问题 'In a parlor game, the magician asks one of the par...' 评定难度: 7
[INFO] 2025-10-06 22:38:46] (Worker_4) 成功为问题 'A ring  $R$  (not necessarily commutative) contain...' 评定难度: 8
[INFO] 2025-10-06 22:38:46] (Worker_1) 成功为问题 'Which one of the following in NOT a constraint for...' 评定难度: 7
[INFO] 2025-10-06 22:38:47] (Worker_2) 成功为问题 'Let  $D$  be the complex unit disk  $D=\{z \in \ma...' 评定难度: 9
[WARNING] 2025-10-06 22:38:47] (Worker_0) 未能从模型的响应中解析出数字: 'Let’s break down the problem mentally to assess'
[ERROR] 2025-10-06 22:38:47] (Worker_0) 无法为问题 'Let $f(x)=(x^2+3x+2)^{\cos(\pi x)}$ . Find the sum...' 获取难度等级，已跳过。
[INFO] 2025-10-06 22:38:47] (Worker_3) 成功为问题 'In triangle $ABC, AB=13, BC=15,$ and $CA = 14.$ Po...' 评定难度: 7
[INFO] 2025-10-06 22:38:47] (Worker_1) 成功为问题 'Let $a_{0} = 2$ , $a_{1} = 5$ , and $a_{2} = 8$ , ...' 评定难度: 7
[INFO] 2025-10-06 22:38:48] (Worker_4) 成功为问题 'How many components of a Dirac neutrino are a part...' 评定难度: 7
[INFO] 2025-10-06 22:38:48] (Worker_0) 成功为问题 'Adithya is in a rocket with proper acceleration $a...' 评定难度: 7
[INFO] 2025-10-06 22:38:49] (Worker_1) 成功为问题 'Consider a file with a size of 350 Kbytes storing ...' 评定难度: 5
[INFO] 2025-10-06 22:38:49] (Worker_2) 成功为问题 'What is the sum of the roots of $z^{12}=64$ that h...' 评定难度: 7
[INFO] 2025-10-06 22:38:49] (Worker_4) 成功为问题 'A muon has a lifetime of 2 x 10^{-6} s in its rest...' 评定难度: 7
[WARNING] 2025-10-06 22:38:50] (Worker_3) 未能从模型的响应中解析出数字: 'Let’s break down the problem to assess its'
[ERROR] 2025-10-06 22:38:50] (Worker_3) 无法为问题 'Let $z_1,z_2,z_3,\dots,z_{12}$ be the 12 zeroes of...' 获取难度等级，已跳过。
[INFO] 2025-10-06 22:38:50] (Worker_2) 成功为问题 'Let  $A = A(x,y)$  and  $B = B(x,y)$  be two-varia...' 评定难度: 9
[WARNING] 2025-10-06 22:38:50] (Worker_0) 未能从模型的响应中解析出数字: 'Let’s break down what the problem is asking'
[ERROR] 2025-10-06 22:38:50] (Worker_0) 无法为问题 'Ten adults enter a room, remove their shoes, and t...' 获取难度等级，已跳过。
[INFO] 2025-10-06 22:38:50] (Worker_1) 成功为问题 'Consider a linear harmonic oscillator and let, Ψ0 ...' 评定难度: 7
[INFO] 2025-10-06 22:38:51] (Worker_4) 成功为问题 'Find the area of the region of the points such tha...' 评定难度: 8
[INFO] 2025-10-06 22:38:51] (Worker_2) 成功为问题 'Two identical moving coil galvanometers have $10 \...' 评定难度: 7
[INFO] 2025-10-06 22:38:51] (Worker_3) 成功为问题 'Consider the sequence defined by $a_k=\frac 1{k^2+...' 评定难度: 7
[INFO] 2025-10-06 22:38:51] (Worker_0) 成功为问题 'Let  $\Sigma$  be a finite set. For  $x,y \in \Sig...' 评定难度: 7
[WARNING] 2025-10-06 22:38:52] (Worker_1) 未能从模型的响应中解析出数字: 'Let’s break down the problem step by step'
[ERROR] 2025-10-06 22:38:52] (Worker_1) 无法为问题 'Equilateral $\triangle ABC$ is inscribed in a circ...' 获取难度等级，已跳过。
[INFO] 2025-10-06 22:38:53] (Worker_2) 成功为问题 'A trinitro compound, 1,3,5-tris-(4-nitrophenyl)ben...' 评定难度: 8
[INFO] 2025-10-06 22:38:53] (Worker_3) 成功为问题 'A table of unknown material has a mass $M=100 \mat...' 评定难度: 7
[WARNING] 2025-10-06 22:38:53] (Worker_4) 未能从模型的响应中解析出数字: 'Let’s break down what the problem requires.

'
[ERROR] 2025-10-06 22:38:53] (Worker_4) 无法为问题 'Let $P_{1}: y=x^{2}+\frac{101}{100}$ and $P_{2}: x...' 获取难度等级，已跳过。
[INFO] 2025-10-06 22:38:53] (Worker_0) 成功为问题 'Let  $a,b,c,d,e$  be positive real numbers. Find t...' 评定难度: 7
[INFO] 2025-10-06 22:38:53] (Worker_1) 成功为问题 'A molecule consists of three atoms with spin ½ eac...' 评定难度: 7
[WARNING] 2025-10-06 22:38:54] (Worker_3) 未能从模型的响应中解析出数字: 'Let’s break down the problem’s reasoning'
[ERROR] 2025-10-06 22:38:54] (Worker_3) 无法为问题 'Triangle $ABC$ with right angle at $C$ , $\angle B...' 获取难度等级，已跳过。
[INFO] 2025-10-06 22:38:54] (Worker_4) 成功为问题 'Let $ x$ be a real number such that the five numbe...' 评定难度: 7
[INFO] 2025-10-06 22:38:55] (Worker_0) 成功为问题 'A certain function $f$ has the properties that $f(...' 评定难度: 7
[WARNING] 2025-10-06 22:38:55] (Worker_2) 未能从模型的响应中解析出数字: 'Let’s break down what’s being asked'
[ERROR] 2025-10-06 22:38:55] (Worker_2) 无法为问题 'In triangle $ABC$ , $AB=13$ , $BC=15$ and $CA=17$ ...' 获取难度等级，已跳过。
[INFO] 2025-10-06 22:38:55] (Worker_1) 成功为问题 'Suppose X is N(0,1), \epsilon is N(0, \sigma^2) an...' 评定难度: 8
[INFO] 2025-10-06 22:38:56] (Worker_4) 成功为问题 'Consider a resistor made from a hollow cylinder of...' 评定难度: 3
[INFO] 2025-10-06 22:38:56] (Worker_0) 成功为问题 'For real numbers  $a,\ b$ , define a point  $P_n(x...' 评定难度: 7
[INFO] 2025-10-06 22:38:56] (Worker_3) 成功为问题 'Find the least positive integer $n$ such that when...' 评定难度: 7
[INFO] 2025-10-06 22:38:56] (Worker_2) 成功为问题 'Let  $n \geq 4$  be an even natural number and  $G...' 评定难度: 7
[INFO] 2025-10-06 22:38:57] (Worker_3) 成功为问题 'Nine delegates, three each from three different co...' 评定难度: 9
[WARNING] 2025-10-06 22:38:57] (Worker_1) 未能从模型的响应中解析出数字: 'Let’s break down the problem quickly to assess'
[ERROR] 2025-10-06 22:38:57] (Worker_1) 无法为问题 'The increasing sequence $3, 15, 24, 48, \ldots\,$ ...' 获取难度等级，已跳过。
[INFO] 2025-10-06 22:38:57] (Worker_0) 成功为问题 'Find the number of solutions in positive integers ...' 评定难度: 8
[INFO] 2025-10-06 22:38:58] (Worker_2) 成功为问题 'Let $m$ be the smallest integer whose cube root is...' 评定难度: 8
[INFO] 2025-10-06 22:38:58] (Worker_4) 成功为问题 'Triangle $ABC$ has $AB=40,AC=31,$ and $\sin{A}=\fr...' 评定难度: 8
[WARNING] 2025-10-06 22:38:59] (Worker_1) 未能从模型的响应中解析出数字: 'Let’s break down the problem’s reasoning'
[ERROR] 2025-10-06 22:38:59] (Worker_1) 无法为问题 'Suppose the function $\psi$ satisfies $\psi(1) = \...' 获取难度等级，已跳过。
[WARNING] 2025-10-06 22:38:59] (Worker_0) 未能从模型的响应中解析出数字: 'Let’s break down what the problem asks for'
[ERROR] 2025-10-06 22:38:59] (Worker_0) 无法为问题 'A right square pyramid with volume $54$ has a base...' 获取难度等级，已跳过。
[INFO] 2025-10-06 22:38:59] (Worker_2) 成功为问题 'In a cycloaddition reaction, two π systems combine...' 评定难度: 7
[INFO] 2025-10-06 22:38:59] (Worker_3) 成功为问题 '3.5

Consider in particular the ion $\mathrm{A}^{(...' 评定难度: 7
[WARNING] 2025-10-06 22:38:59] (Worker_4) 未能从模型的响应中解析出数字: 'Let’s break down the problem’s nature'
[ERROR] 2025-10-06 22:38:59] (Worker_4) 无法为问题 'Let $a_{1}=3$, and for $n>1$, let $a_{n}$ be the l...' 获取难度等级，已跳过。
[INFO] 2025-10-06 22:39:00] (Worker_1) 成功为问题 'Find the largest positive integer $k{}$ for which ...' 评定难度: 8
[INFO] 2025-10-06 22:39:00] (Worker_3) 成功为问题 'The medium of thin layer chromatography plates are...' 评定难度: 7
[INFO] 2025-10-06 22:39:01] (Worker_0) 成功为问题 'Two positive integers differ by $60.$ The sum of t...' 评定难度: 7
[INFO] 2025-10-06 22:39:01] (Worker_4) 成功为问题 'Suppose that  $ P_1(x)\equal{}\frac{d}{dx}(x^2\min...' 评定难度: 7
[INFO] 2025-10-06 22:39:01] (Worker_2) 成功为问题 'Adults made up $\frac5{12}$ of the crowd of people...' 评定难度: 7
[WARNING] 2025-10-06 22:39:02] (Worker_1) 未能从模型的响应中解析出数字: 'Let’s break down the problem’s features'
[ERROR] 2025-10-06 22:39:02] (Worker_1) 无法为问题 'Find all lists  $(x_1, x_2, \ldots, x_{2020})$  of...' 获取难度等级，已跳过。
[INFO] 2025-10-06 22:39:02] (Worker_3) 成功为问题 'For some fixed positive integer  $n>2$ , suppose  ...' 评定难度: 7
[INFO] 2025-10-06 22:39:02] (Worker_0) 成功为问题 'Find all functions  $f\colon \mathbb{Z}^2 \to [0, ...' 评定难度: 8
[INFO] 2025-10-06 22:39:02] (Worker_4) 成功为问题 'Find the minimum value of  $\int_0^1 \{\sqrt{x}-(a...' 评定难度: 7
[INFO] 2025-10-06 22:39:03] (Worker_1) 成功为问题 'A number is called a visible factor number if it i...' 评定难度: 5
[INFO] 2025-10-06 22:39:03] (Worker_2) 成功为问题 'Let  $ a_1, a_2, \ldots, a_{2n}$  be  $ 2n$  real ...' 评定难度: 7
[INFO] 2025-10-06 22:39:03] (Worker_3) 成功为问题 'Evaluate  $\textstyle\sum_{n=0}^\infty \mathrm{Arc...' 评定难度: 7
[INFO] 2025-10-06 22:39:04] (Worker_4) 成功为问题 'Consider a \( 2018 \times 2019 \) board with integ...' 评定难度: 7
[WARNING] 2025-10-06 22:39:04] (Worker_0) 未能从模型的响应中解析出数字: 'Let’s break down the problem quickly to assess'
[ERROR] 2025-10-06 22:39:04] (Worker_0) 无法为问题 'For every  $x \ge -\frac{1}{e}\,$ , there is a uni...' 获取难度等级，已跳过。
[INFO] 2025-10-06 22:39:04] (Worker_2) 成功为问题 'The cards in a stack of $2n$ cards are numbered co...' 评定难度: 7
[INFO] 2025-10-06 22:39:05] (Worker_1) 成功为问题 'Let $v$ and $w$ be distinct, randomly chosen roots...' 评定难度: 8
[INFO] 2025-10-06 22:39:05] (Worker_3) 成功为问题 'Given that $A_k = \frac {k(k - 1)}2\cos\frac {k(k ...' 评定难度: 7
[INFO] 2025-10-06 22:39:05] (Worker_4) 成功为问题 'Let  $ k$  be a positive constant number. Denote  ...' 评定难度: 7
[INFO] 2025-10-06 22:39:05] (Worker_2) 成功为问题 'Mrs. Walter gave an exam in a mathematics class of...' 评定难度: 8
[INFO] 2025-10-06 22:39:06] (Worker_1) 成功为问题 'Suppose that  $ \tau$  is a metrizable topology on...' 评定难度: 7
[WARNING] 2025-10-06 22:39:06] (Worker_0) 未能从模型的响应中解析出数字: 'Let’s break down the reasoning for the difficulty'
[ERROR] 2025-10-06 22:39:06] (Worker_0) 无法为问题 'In three-dimensional space, let $S$ be the region ...' 获取难度等级，已跳过。
[INFO] 2025-10-06 22:39:07] (Worker_2) 成功为问题 'A semicircle with diameter $d$ is contained in a s...' 评定难度: 7
[WARNING] 2025-10-06 22:39:07] (Worker_3) 未能从模型的响应中解析出数字: 'Let’s break down the problem in a way'
[ERROR] 2025-10-06 22:39:07] (Worker_3) 无法为问题 'Two three-letter strings, $aaa^{}_{}$ and $bbb^{}_...' 获取难度等级，已跳过。
[INFO] 2025-10-06 22:39:07] (Worker_4) 成功为问题 'For nonnegative integers $a$ and $b$ with $a + b \...' 评定难度: 7
[INFO] 2025-10-06 22:39:07] (Worker_0) 成功为问题 'A real number $a$ is chosen randomly and uniformly...' 评定难度: 8
[WARNING] 2025-10-06 22:39:07] (Worker_1) 未能从模型的响应中解析出数字: 'Let’s break down the problem in our minds'
[ERROR] 2025-10-06 22:39:07] (Worker_1) 无法为问题 'Let $N$ be the number of complex numbers $z$ with ...' 获取难度等级，已跳过。
[INFO] 2025-10-06 22:39:09] (Worker_0) 成功为问题 'd. Assuming most atoms are in the interior of the ...' 评定难度: 3
[INFO] 2025-10-06 22:39:09] (Worker_4) 成功为问题 'Let  $s(a)$  denote the sum of digits of a given p...' 评定难度: 7
[INFO] 2025-10-06 22:39:09] (Worker_2) 成功为问题 'Count the number of sequences $a_{1}, a_{2}, a_{3}...' 评定难度: 7
[INFO] 2025-10-06 22:39:09] (Worker_3) 成功为问题 'Consider a forward contract on a 4-year bond with ...' 评定难度: 5
[WARNING] 2025-10-06 22:39:09] (Worker_1) 未能从模型的响应中解析出数字: 'Let’s break down the problem to assess its'
[ERROR] 2025-10-06 22:39:09] (Worker_1) 无法为问题 'For some complex number  $\omega$  with  $|\omega|...' 获取难度等级，已跳过。
[INFO] 2025-10-06 22:39:10] (Worker_3) 成功为问题 'A solution curve of the differential equation $\le...' 评定难度: 7
[INFO] 2025-10-06 22:39:10] (Worker_4) 成功为问题 'Given two integers $m,n$ which are greater than $1...' 评定难度: 9
[WARNING] 2025-10-06 22:39:11] (Worker_0) 未能从模型的响应中解析出数字: 'Let’s break down the problem’s reasoning'
[ERROR] 2025-10-06 22:39:11] (Worker_0) 无法为问题 'Suppose  $E$ ,  $I$ ,  $L$ ,  $V$  are (not necess...' 获取难度等级，已跳过。
[INFO] 2025-10-06 22:39:11] (Worker_2) 成功为问题 'A child attaches a small rock of mass $M=0.800 \ma...' 评定难度: 7
[WARNING] 2025-10-06 22:39:11] (Worker_1) 未能从模型的响应中解析出数字: 'Let’s break down the reasoning for the difficulty'
[ERROR] 2025-10-06 22:39:11] (Worker_1) 无法为问题 'Let $S=\{1,2, \ldots, 20\}$, and let $f$ be a func...' 获取难度等级，已跳过。
[INFO] 2025-10-06 22:39:12] (Worker_4) 成功为问题 ' $K(x, y), f(x)$  and  $g(x)$  are positive and co...' 评定难度: 8
[INFO] 2025-10-06 22:39:12] (Worker_2) 成功为问题 'The bromination of alkenes is a stereospecific rea...' 评定难度: 7
[WARNING] 2025-10-06 22:39:12] (Worker_3) 未能从模型的响应中解析出数字: 'Let’s break down the problem’s reasoning'
[ERROR] 2025-10-06 22:39:12] (Worker_3) 无法为问题 'Suppose that the angles of $\triangle ABC$ satisfy...' 获取难度等级，已跳过。
[WARNING] 2025-10-06 22:39:12] (Worker_0) 未能从模型的响应中解析出数字: 'Let’s break down the problem in our minds'
[ERROR] 2025-10-06 22:39:12] (Worker_0) 无法为问题 'Let $S$ be the sum of all numbers of the form $\fr...' 获取难度等级，已跳过。
[INFO] 2025-10-06 22:39:12] (Worker_1) 成功为问题 'A convex quadrilateral has area $30$ and side leng...' 评定难度: 7
[INFO] 2025-10-06 22:39:13] (Worker_4) 成功为问题 'The positive integers  $x_1, x_2, ... , x_7$  sati...' 评定难度: 7
[INFO] 2025-10-06 22:39:13] (Worker_2) 成功为问题 'Let $z_1 = 18 + 83i$ , $z_2 = 18 + 39i,$ and $z_3 ...' 评定难度: 7
[INFO] 2025-10-06 22:39:14] (Worker_1) 成功为问题 'Let $N$ be the number of ordered triples $(A,B,C)$...' 评定难度: 8
[INFO] 2025-10-06 22:39:14] (Worker_3) 成功为问题 'A cube of mass  $m$  slides down the felt end of a...' 评定难度: 7
[INFO] 2025-10-06 22:39:14] (Worker_0) 成功为问题 'Two electromagnetic (em) fields are applied on the...' 评定难度: 8
[INFO] 2025-10-06 22:39:15] (Worker_2) 成功为问题 'Let H be a Hilbert space over the field of real nu...' 评定难度: 9
[INFO] 2025-10-06 22:39:15] (Worker_4) 成功为问题 'Let $w,$ $x,$ $y,$ and $z,$ be positive real numbe...' 评定难度: 7
[WARNING] 2025-10-06 22:39:15] (Worker_1) 未能从模型的响应中解析出数字: 'Let’s break down the problem’s reasoning'
[ERROR] 2025-10-06 22:39:15] (Worker_1) 无法为问题 'Let $S$ be the set of positive integer divisors of...' 获取难度等级，已跳过。
[WARNING] 2025-10-06 22:39:16] (Worker_0) 未能从模型的响应中解析出数字: 'Let’s break down the problem’s reasoning'
[ERROR] 2025-10-06 22:39:16] (Worker_0) 无法为问题 'Rhombus $PQRS^{}_{}$ is inscribed in rectangle $AB...' 获取难度等级，已跳过。
[INFO] 2025-10-06 22:39:16] (Worker_3) 成功为问题 'Let  $f : Q \to  Q$  be a function satisfying the ...' 评定难度: 7
[INFO] 2025-10-06 22:39:16] (Worker_2) 成功为问题 'The state $|\psi (t)>$ of a system at time t is gi...' 评定难度: 7
[INFO] 2025-10-06 22:39:16] (Worker_4) 成功为问题 'Astronomers are currently observing a circumbinary...' 评定难度: 7
[INFO] 2025-10-06 22:39:17] (Worker_1) 成功为问题 'Solve the crossword puzzle. You are presented with...' 评定难度: 7
[INFO] 2025-10-06 22:39:17] (Worker_0) 成功为问题 'A hexagon is inscribed in a circle. Five of the si...' 评定难度: 7
[INFO] 2025-10-06 22:39:17] (Worker_3) 成功为问题 '2.  Determine the angle $\alpha$ that $\boldsymbol...' 评定难度: 7
[INFO] 2025-10-06 22:39:18] (Worker_4) 成功为问题 'Prove that if  $A$  is a commutative finite ring w...' 评定难度: 7
[INFO] 2025-10-06 22:39:18] (Worker_2) 成功为问题 'A frog is positioned at the origin of the coordina...' 评定难度: 7
[INFO] 2025-10-06 22:39:18] (Worker_1) 成功为问题 '1.  At a certain moment, the time experienced by t...' 评定难度: 7
[INFO] 2025-10-06 22:39:18] (Worker_0) 成功为问题 'Suppose that  $X$  and  $Y$  are two metric spaces...' 评定难度: 8
[INFO] 2025-10-06 22:39:19] (Worker_3) 成功为问题 'Triangle $ABC$ has $AC = 450$ and $BC = 300$ . Poi...' 评定难度: 7
[INFO] 2025-10-06 22:39:19] (Worker_2) 成功为问题 'Three of the edges of a cube are $\overline{AB}, \...' 评定难度: 7
[INFO] 2025-10-06 22:39:19] (Worker_4) 成功为问题 'Find the sum of the values of $x$ such that $\cos^...' 评定难度: 8
[INFO] 2025-10-06 22:39:20] (Worker_3) 成功为问题 'Let  $(G,\cdot)$  be a group with no elements of o...' 评定难度: 8
[INFO] 2025-10-06 22:39:20] (Worker_0) 成功为问题 'Given is a convex polygon  $ P$  with  $ n$  verti...' 评定难度: 8
[WARNING] 2025-10-06 22:39:21] (Worker_1) 未能从模型的响应中解析出数字: 'Let’s break down the problem to assess its'
[ERROR] 2025-10-06 22:39:21] (Worker_1) 无法为问题 'Let $x,$ $y,$ and $z$ be positive real numbers sat...' 获取难度等级，已跳过。
[INFO] 2025-10-06 22:39:21] (Worker_2) 成功为问题 'Rectangle $ABCD$ has side lengths $AB=84$ and $AD=...' 评定难度: 7
[INFO] 2025-10-06 22:39:21] (Worker_4) 成功为问题 'Consider a container filled with argon, with molar...' 评定难度: 7
[INFO] 2025-10-06 22:39:22] (Worker_0) 成功为问题 'A coaxial cable is cylindrically symmetric and con...' 评定难度: 7
[INFO] 2025-10-06 22:39:22] (Worker_3) 成功为问题 'Let  $ G$  be a group such that if  $ a,b\in \math...' 评定难度: 8
[INFO] 2025-10-06 22:39:22] (Worker_4) 成功为问题 '(b) Compute the electric potential both inside and...' 评定难度: 4
[INFO] 2025-10-06 22:39:23] (Worker_1) 成功为问题 'Consider this quantum state 

$\left|\psi\right\ra...' 评定难度: 6
[INFO] 2025-10-06 22:39:23] (Worker_2) 成功为问题 'Let  $\sigma, \tau$  be  two permutations of the q...' 评定难度: 8
[INFO] 2025-10-06 22:39:23] (Worker_0) 成功为问题 'The repeating decimals $0.abab\overline{ab}$ and $...' 评定难度: 7
[INFO] 2025-10-06 22:39:23] (Worker_4) 成功为问题 'Find the number of ways $66$ identical coins can b...' 评定难度: 7
[INFO] 2025-10-06 22:39:24] (Worker_3) 成功为问题 'Find  $k$  where  $2^k$  is the largest power of  ...' 评定难度: 6
[INFO] 2025-10-06 22:39:24] (Worker_2) 成功为问题 'A thin spherical insulating shell of radius $R$ ca...' 评定难度: 7
[INFO] 2025-10-06 22:39:24] (Worker_1) 成功为问题 'Find the number of positive integers $n \le 1000$ ...' 评定难度: 8
[INFO] 2025-10-06 22:39:25] (Worker_0) 成功为问题 'Identify the final product, H, in the following se...' 评定难度: 8
[WARNING] 2025-10-06 22:39:25] (Worker_4) 未能从模型的响应中解析出数字: 'Let’s break down the problem in my mind'
[ERROR] 2025-10-06 22:39:25] (Worker_4) 无法为问题 'The members of a distinguished committee were choo...' 获取难度等级，已跳过。
[INFO] 2025-10-06 22:39:26] (Worker_2) 成功为问题 'Caroline wants to plant 10 trees in her orchard.  ...' 评定难度: 8
[INFO] 2025-10-06 22:39:26] (Worker_1) 成功为问题 'One hundred concentric circles with radii $1, 2, 3...' 评定难度: 7
[WARNING] 2025-10-06 22:39:26] (Worker_3) 未能从模型的响应中解析出数字: 'Let’s break down the problem’s structure'
[ERROR] 2025-10-06 22:39:26] (Worker_3) 无法为问题 'Let $\triangle{PQR}$ be a right triangle with $PQ ...' 获取难度等级，已跳过。
[INFO] 2025-10-06 22:39:26] (Worker_0) 成功为问题 'For real constant numbers  $ a,\ b,\ c,\ d,$  cons...' 评定难度: 7
[INFO] 2025-10-06 22:39:26] (Worker_4) 成功为问题 'Let  $c \ge 1$  be a real number. Let  $G$  be an ...' 评定难度: 8
[INFO] 2025-10-06 22:39:27] (Worker_1) 成功为问题 'It is given that $\log_{6}a + \log_{6}b + \log_{6}...' 评定难度: 7
[INFO] 2025-10-06 22:39:27] (Worker_2) 成功为问题 'Let $\mathcal{R}$ be the region consisting of the ...' 评定难度: 8
[INFO] 2025-10-06 22:39:27] (Worker_0) 成功为问题 'Let $x,$ $y,$ $z$ be real numbers such that $x + y...' 评定难度: 7
[INFO] 2025-10-06 22:39:28] (Worker_4) 成功为问题 'Determine the greatest positive integer  $ n$  suc...' 评定难度: 7
[INFO] 2025-10-06 22:39:28] (Worker_3) 成功为问题 'Consider the following molecules: $\mathrm{Br}_{3}...' 评定难度: 7
[INFO] 2025-10-06 22:39:28] (Worker_2) 成功为问题 'For an isosceles prism of angle $A$ and refractive...' 评定难度: 7
[WARNING] 2025-10-06 22:39:29] (Worker_1) 未能从模型的响应中解析出数字: 'Let’s break down the problem’s structure'
[ERROR] 2025-10-06 22:39:29] (Worker_1) 无法为问题 'Square $ABCD$ has sides of length 1. Points $E$ an...' 获取难度等级，已跳过。
[INFO] 2025-10-06 22:39:30] (Worker_0) 成功为问题 'Let  $f:[-\pi/2,\pi/2]\to\mathbb{R}$  be a twice d...' 评定难度: 8
[INFO] 2025-10-06 22:39:30] (Worker_3) 成功为问题 'What is the minimum kinetic energy in MeV of a pro...' 评定难度: 7
[INFO] 2025-10-06 22:39:30] (Worker_2) 成功为问题 'A rectangle with dimensions 100 cm by 150 cm is ti...' 评定难度: 7
[WARNING] 2025-10-06 22:39:31] (Worker_1) 未能从模型的响应中解析出数字: 'Let’s break down the problem in my head'
[ERROR] 2025-10-06 22:39:31] (Worker_1) 无法为问题 'For positive real numbers $s$ , let $\tau(s)$ deno...' 获取难度等级，已跳过。
[WARNING] 2025-10-06 22:39:31] (Worker_4) 未能从模型的响应中解析出数字: 'Let’s break down what the problem is asking'
[ERROR] 2025-10-06 22:39:31] (Worker_4) 无法为问题 'An angle $x$ is chosen at random from the interval...' 获取难度等级，已跳过。
[INFO] 2025-10-06 22:39:32] (Worker_0) 成功为问题 'Let  $\mathcal{P}$  be a parabola that passes thro...' 评定难度: 7
[INFO] 2025-10-06 22:39:32] (Worker_3) 成功为问题 'Alice and Bianca have one hundred marbles. At the ...' 评定难度: 9
[INFO] 2025-10-06 22:39:32] (Worker_2) 成功为问题 'As shown in the figure, $\triangle ABC$ is divided...' 评定难度: 8
[INFO] 2025-10-06 22:39:33] (Worker_4) 成功为问题 'The following image is 1024 pixels by 1024 pixels,...' 评定难度: 7
[WARNING] 2025-10-06 22:39:33] (Worker_1) 未能从模型的响应中解析出数字: 'Let’s break down what the problem is asking'
[ERROR] 2025-10-06 22:39:33] (Worker_1) 无法为问题 'There are real numbers $a, b, c,$ and $d$ such tha...' 获取难度等级，已跳过。
[INFO] 2025-10-06 22:39:33] (Worker_2) 成功为问题 'Given an integer  $n\geq 2$ . There are  $N$  dist...' 评定难度: 8
[INFO] 2025-10-06 22:39:33] (Worker_0) 成功为问题 'We have a solution (at 25°C) containing Fe(III) an...' 评定难度: 7
[INFO] 2025-10-06 22:39:34] (Worker_3) 成功为问题 'In order to calculate the necessary beam to produc...' 评定难度: 7
[INFO] 2025-10-06 22:39:34] (Worker_1) 成功为问题 'A sphere is inscribed in the tetrahedron whose ver...' 评定难度: 7
[INFO] 2025-10-06 22:39:34] (Worker_4) 成功为问题 'Find the range of  $ k$  for which the following i...' 评定难度: 7
[INFO] 2025-10-06 22:39:35] (Worker_3) 成功为问题 'Find the sum of all positive rational numbers that...' 评定难度: 8
[INFO] 2025-10-06 22:39:35] (Worker_2) 成功为问题 'The function f is defined on the set of integers a...' 评定难度: 7
[INFO] 2025-10-06 22:39:35] (Worker_1) 成功为问题 'Find all twice differentiable functions  $f : \mat...' 评定难度: 8
[INFO] 2025-10-06 22:39:35] (Worker_0) 成功为问题 'A train of length $100 \mathrm{~m}$ and mass $10^{...' 评定难度: 7
[INFO] 2025-10-06 22:39:36] (Worker_4) 成功为问题 'Let  $x(t)$  be a solution to the differential equ...' 评定难度: 7
[INFO] 2025-10-06 22:39:36] (Worker_3) 成功为问题 '2.4 Find the minimum velocity $u$ of an updraught ...' 评定难度: 7
[INFO] 2025-10-06 22:39:36] (Worker_2) 成功为问题 'Let $\mathrm {P}$ be the product of the roots of $...' 评定难度: 7
[INFO] 2025-10-06 22:39:37] (Worker_1) 成功为问题 'Show that there exists a continuos function  $f: [...' 评定难度: 8
[INFO] 2025-10-06 22:39:38] (Worker_4) 成功为问题 'Ozonolysis of compound A produces 3-methylcyclopen...' 评定难度: 7
[WARNING] 2025-10-06 22:39:38] (Worker_0) 未能从模型的响应中解析出数字: 'Let’s break down the problem quickly to assess'
[WARNING] 2025-10-06 22:39:38] (Worker_3) 未能从模型的响应中解析出数字: 'Let’s break down the problem to assess its'
[INFO] 2025-10-06 22:39:38] (Worker_2) 成功为问题 'Evaluate

$$
\int_{0}^{\frac{\pi}{2}} \ln \left(9 ...' 评定难度: 8
[ERROR] 2025-10-06 22:39:38] (Worker_0) 无法为问题 'In the Cartesian plane let $A = (1,0)$ and $B = \l...' 获取难度等级，已跳过。
[ERROR] 2025-10-06 22:39:38] (Worker_3) 无法为问题 'The polynomial $P(x)=(1+x+x^2+\cdots+x^{17})^2-x^{...' 获取难度等级，已跳过。
[INFO] 2025-10-06 22:39:39] (Worker_1) 成功为问题 'Find the condition of  $a,b$  for which the functi...' 评定难度: 7
[INFO] 2025-10-06 22:39:40] (Worker_4) 成功为问题 'Find the least positive integer $n$ for which $2^n...' 评定难度: 8
[WARNING] 2025-10-06 22:39:41] (Worker_1) 未能从模型的响应中解析出数字: 'Let’s break down the problem to assess its'
[ERROR] 2025-10-06 22:39:41] (Worker_1) 无法为问题 'Eight spheres of radius 100 are placed on a flat s...' 获取难度等级，已跳过。
[INFO] 2025-10-06 22:39:41] (Worker_0) 成功为问题 'An often-repeated fun fact is that humans produce ...' 评定难度: 7
[INFO] 2025-10-06 22:39:41] (Worker_3) 成功为问题 'An $m\times n\times p$ rectangular box has half th...' 评定难度: 7
[INFO] 2025-10-06 22:39:41] (Worker_2) 成功为问题 '2.1. The change of the parcel temperature $T_{\tex...' 评定难度: 7
[INFO] 2025-10-06 22:39:41] (Worker_4) 成功为问题 'iv. At some radius $r_{3} \ll r_{0}$, the gas beco...' 评定难度: 7
[INFO] 2025-10-06 22:39:42] (Worker_1) 成功为问题 'A debt of $25,000 is to be amortized over 7 years ...' 评定难度: 4
[WARNING] 2025-10-06 22:39:43] (Worker_0) 未能从模型的响应中解析出数字: 'Let’s break down the reasoning for difficulty assessment'
[INFO] 2025-10-06 22:39:43] (Worker_3) 成功为问题 'What is the double bond equivalence of the product...' 评定难度: 7
[ERROR] 2025-10-06 22:39:43] (Worker_0) 无法为问题 'Points $A$ , $B$ , and $C$ lie in that order along...' 获取难度等级，已跳过。
[INFO] 2025-10-06 22:39:43] (Worker_2) 成功为问题 'A block of cheese in the shape of a rectangular so...' 评定难度: 8
[INFO] 2025-10-06 22:39:43] (Worker_4) 成功为问题 'B. How many times would the resolving power of the...' 评定难度: 7
[INFO] 2025-10-06 22:39:44] (Worker_1) 成功为问题 'Consider a 900 Kbytes file stored in a web server....' 评定难度: 8
[INFO] 2025-10-06 22:39:44] (Worker_3) 成功为问题 'Today is Barbara's birthday, and Alberto wants to ...' 评定难度: 7
[INFO] 2025-10-06 22:39:44] (Worker_4) 成功为问题 'Compute the mean translational kinetic energy of a...' 评定难度: 3
[INFO] 2025-10-06 22:39:44] (Worker_2) 成功为问题 'Three spheres with radii $11,$ $13,$ and $19$ are ...' 评定难度: 7
[WARNING] 2025-10-06 22:39:45] (Worker_0) 未能从模型的响应中解析出数字: 'Let’s break down the problem step by step'
[ERROR] 2025-10-06 22:39:45] (Worker_0) 无法为问题 'For a complex number  $z \neq 3$ , $4$ , let  $F(z...' 获取难度等级，已跳过。
[INFO] 2025-10-06 22:39:45] (Worker_1) 成功为问题 'Let  $A$  be a set of  $n$  elements and  $A_1, A_...' 评定难度: 8
[INFO] 2025-10-06 22:39:46] (Worker_4) 成功为问题 'The solutions to the system of equations \begin{al...' 评定难度: 8
[INFO] 2025-10-06 22:39:46] (Worker_2) 成功为问题 'A coating is applied to a substrate resulting in a...' 评定难度: 7
[INFO] 2025-10-06 22:39:46] (Worker_0) 成功为问题 'Determine all real numbers $ a$ such that the ineq...' 评定难度: 8
[WARNING] 2025-10-06 22:39:46] (Worker_3) 未能从模型的响应中解析出数字: 'Let’s break down the reasoning for difficulty assessment'
[ERROR] 2025-10-06 22:39:46] (Worker_3) 无法为问题 'If $\{a_1,a_2,a_3,\ldots,a_n\}$ is a set of real n...' 获取难度等级，已跳过。
[INFO] 2025-10-06 22:39:46] (Worker_1) 成功为问题 'The numbers in the sequence $101$ , $104$ , $109$ ...' 评定难度: 7
[INFO] 2025-10-06 22:39:47] (Worker_4) 成功为问题 'The number $r$ can be expressed as a four-place de...' 评定难度: 7
[INFO] 2025-10-06 22:39:48] (Worker_2) 成功为问题 'An airplane is flying at Mach 1.75 at an altitude ...' 评定难度: 7
[INFO] 2025-10-06 22:39:48] (Worker_3) 成功为问题 'Complete the following reaction by considering all...' 评定难度: 6
[INFO] 2025-10-06 22:39:48] (Worker_0) 成功为问题 'A plano-convex lens is made of a material of refra...' 评定难度: 7
[WARNING] 2025-10-06 22:39:48] (Worker_1) 未能从模型的响应中解析出数字: 'Let’s break down the problem in a way'
[ERROR] 2025-10-06 22:39:48] (Worker_1) 无法为问题 'The $52$ cards in a deck are numbered $1, 2, \cdot...' 获取难度等级，已跳过。
[INFO] 2025-10-06 22:39:48] (Worker_4) 成功为问题 'Show that one cannot find compact sets  $A_1, A_2,...' 评定难度: 9
[INFO] 2025-10-06 22:39:49] (Worker_2) 成功为问题 'Consider a three-person game involving the followi...' 评定难度: 7
[INFO] 2025-10-06 22:39:49] (Worker_3) 成功为问题 'An ellipse has foci at $(9, 20)$ and $(49, 55)$ in...' 评定难度: 8
[INFO] 2025-10-06 22:39:49] (Worker_0) 成功为问题 'Define an ordered quadruple of integers $(a, b, c,...' 评定难度: 7
[INFO] 2025-10-06 22:39:50] (Worker_4) 成功为问题 'Let  $ A$  be a family of proper closed subspaces ...' 评定难度: 7
[WARNING] 2025-10-06 22:39:50] (Worker_1) 未能从模型的响应中解析出数字: 'Let’s think through the problem.

We have'
[ERROR] 2025-10-06 22:39:50] (Worker_1) 无法为问题 'Let $x_1=97$ , and for $n>1$ let $x_n=\frac{n}{x_{...' 获取难度等级，已跳过。
[INFO] 2025-10-06 22:39:50] (Worker_0) 成功为问题 'The ends $\mathrm{Q}$ and $\mathrm{R}$ of two thin...' 评定难度: 7
[INFO] 2025-10-06 22:39:50] (Worker_3) 成功为问题 'Call a positive number  $n$  *fine*, if there exis...' 评定难度: 8
[WARNING] 2025-10-06 22:39:51] (Worker_2) 未能从模型的响应中解析出数字: 'Let’s break down the reasoning for difficulty assessment'
[INFO] 2025-10-06 22:39:51] (Worker_4) 成功为问题 '1.2.2. A process called free convection occurs whe...' 评定难度: 4
[ERROR] 2025-10-06 22:39:51] (Worker_2) 无法为问题 'A flat board has a circular hole with radius $1$ a...' 获取难度等级，已跳过。
[WARNING] 2025-10-06 22:39:52] (Worker_1) 未能从模型的响应中解析出数字: 'Let’s break down the problem quickly to assess'
[ERROR] 2025-10-06 22:39:52] (Worker_1) 无法为问题 'Dave arrives at an airport which has twelve gates ...' 获取难度等级，已跳过。
[INFO] 2025-10-06 22:39:52] (Worker_0) 成功为问题 'A researcher observes at his laboratory that a muo...' 评定难度: 3
[INFO] 2025-10-06 22:39:52] (Worker_3) 成功为问题 'Determine the real value of  $t$  that minimizes t...' 评定难度: 7
[INFO] 2025-10-06 22:39:53] (Worker_4) 成功为问题 'A solid oak ball with a diameter of $16 \mathrm{~c...' 评定难度: 8
[INFO] 2025-10-06 22:39:53] (Worker_2) 成功为问题 'Find the least odd prime factor of $2019^8+1$....' 评定难度: 8
[INFO] 2025-10-06 22:39:53] (Worker_1) 成功为问题 'Let  $ I$  be an ideal of the ring  $\mathbb{Z}\le...' 评定难度: 8
[INFO] 2025-10-06 22:39:53] (Worker_3) 成功为问题 'We define a binary operation $\star$ in the plane ...' 评定难度: 7
[WARNING] 2025-10-06 22:39:54] (Worker_0) 未能从模型的响应中解析出数字: 'Let’s break down what the problem is asking'
[ERROR] 2025-10-06 22:39:54] (Worker_0) 无法为问题 'For each integer $n\geq3$ , let $f(n)$ be the numb...' 获取难度等级，已跳过。
[INFO] 2025-10-06 22:39:55] (Worker_2) 成功为问题 'Given the rest of reaction components:
reactant: C...' 评定难度: 7
[WARNING] 2025-10-06 22:39:55] (Worker_4) 未能从模型的响应中解析出数字: 'Let’s break down what’s being asked'
[ERROR] 2025-10-06 22:39:55] (Worker_4) 无法为问题 'Points $A(0,0), B(9,6)$ and $C(6,12)$ are vertices...' 获取难度等级，已跳过。
[INFO] 2025-10-06 22:39:55] (Worker_3) 成功为问题 'How many times does the letter "e" occur in all pr...' 评定难度: 7
[INFO] 2025-10-06 22:39:55] (Worker_1) 成功为问题 'Dan the dog spots Cate the cat 50m away. At that i...' 评定难度: 3
[INFO] 2025-10-06 22:39:56] (Worker_2) 成功为问题 'Find the complex numbers  $ z$  for which the seri...' 评定难度: 7
[WARNING] 2025-10-06 22:39:56] (Worker_0) 未能从模型的响应中解析出数字: 'Let’s break down the problem in a minimal'
[ERROR] 2025-10-06 22:39:56] (Worker_0) 无法为问题 'Azar, Carl, Jon, and Sergey are the four players l...' 获取难度等级，已跳过。
[WARNING] 2025-10-06 22:39:57] (Worker_4) 未能从模型的响应中解析出数字: 'Let’s break down the problem’s reasoning'
[ERROR] 2025-10-06 22:39:57] (Worker_4) 无法为问题 'There is a unique angle $\theta$ between $0^\circ$...' 获取难度等级，已跳过。
[INFO] 2025-10-06 22:39:57] (Worker_1) 成功为问题 'Given vectors  $\overline a,\overline b,\overline ...' 评定难度: 8
[WARNING] 2025-10-06 22:39:57] (Worker_3) 未能从模型的响应中解析出数字: 'Let’s break down the problem in our minds'
[ERROR] 2025-10-06 22:39:57] (Worker_3) 无法为问题 'Twenty five of King Arthur's knights are seated at...' 获取难度等级，已跳过。
[INFO] 2025-10-06 22:39:58] (Worker_0) 成功为问题 'Suppose that the electron number density n(r) in a...' 评定难度: 7
[INFO] 2025-10-06 22:39:58] (Worker_3) 成功为问题 'A cubic polynomial $p(x)$ satisfies
\[p(n) = \frac...' 评定难度: 8
[INFO] 2025-10-06 22:39:58] (Worker_1) 成功为问题 'At a certain university, the division of mathemati...' 评定难度: 8
[INFO] 2025-10-06 22:39:59] (Worker_4) 成功为问题 'Let  $ f(t)$  be a continuous function on the inte...' 评定难度: 9
[WARNING] 2025-10-06 22:39:59] (Worker_2) 未能从模型的响应中解析出数字: 'Let’s break down the problem in our minds'
[ERROR] 2025-10-06 22:39:59] (Worker_2) 无法为问题 'How many positive integer multiples of 1001 can be...' 获取难度等级，已跳过。
[INFO] 2025-10-06 22:39:59] (Worker_0) 成功为问题 'Suppose that  $X$  is a compact metric space and  ...' 评定难度: 8
[INFO] 2025-10-06 22:40:01] (Worker_2) 成功为问题 'The oxidation state of a carbon atom in an organic...' 评定难度: 7
[INFO] 2025-10-06 22:40:01] (Worker_1) 成功为问题 '(Self-Isogonal Cubics) Let $A B C$ be a triangle w...' 评定难度: 9
[INFO] 2025-10-06 22:40:01] (Worker_0) 成功为问题 'Let $A_{1}, A_{2}, A_{3}, \ldots, A_{8}$ be the ve...' 评定难度: 7
[INFO] 2025-10-06 22:40:01] (Worker_4) 成功为问题 'Consider all rectangles lying in the region

\[
\l...' 评定难度: 7
[WARNING] 2025-10-06 22:40:02] (Worker_3) 未能从模型的响应中解析出数字: 'Let’s break down the reasoning for difficulty assessment'
[ERROR] 2025-10-06 22:40:02] (Worker_3) 无法为问题 'Consider all 1000-element subsets of the set $\{ 1...' 获取难度等级，已跳过。
[INFO] 2025-10-06 22:40:03] (Worker_2) 成功为问题 'You have prepared a tri-substituted 6-membered aro...' 评定难度: 7
[INFO] 2025-10-06 22:40:03] (Worker_4) 成功为问题 'Let \( X(s, t) := \inf_{u \in [s,t]} \{W(u)\}, \) ...' 评定难度: 9
[INFO] 2025-10-06 22:40:03] (Worker_0) 成功为问题 'The sequences of positive integers $1,a_2, a_3,......' 评定难度: 7
[INFO] 2025-10-06 22:40:03] (Worker_1) 成功为问题 'Solve the crossword puzzle. You are presented with...' 评定难度: 7
[INFO] 2025-10-06 22:40:03] (Worker_3) 成功为问题 'A load dissipates 1.5kW of power in an ac series R...' 评定难度: 7
[INFO] 2025-10-06 22:40:04] (Worker_4) 成功为问题 'The filament of a light bulb has surface area $64 ...' 评定难度: 7
[INFO] 2025-10-06 22:40:04] (Worker_2) 成功为问题 'Let \[P(x) = (2x^4 - 26x^3 + ax^2 + bx + c)(5x^4 -...' 评定难度: 9
[INFO] 2025-10-06 22:40:05] (Worker_0) 成功为问题 'Let  $ n$  be a nonzero positive integer. Find  $ ...' 评定难度: 7
[INFO] 2025-10-06 22:40:05] (Worker_4) 成功为问题 'Solve the crossword puzzle. You are presented with...' 评定难度: 7
[INFO] 2025-10-06 22:40:05] (Worker_1) 成功为问题 'With all angles measured in degrees, the product $...' 评定难度: 8
[INFO] 2025-10-06 22:40:06] (Worker_3) 成功为问题 'Let triangle $ABC$ be a right triangle with right ...' 评定难度: 7
[INFO] 2025-10-06 22:40:06] (Worker_2) 成功为问题 'Find all natural numbers  $n$  for which there exi...' 评定难度: 8
[INFO] 2025-10-06 22:40:06] (Worker_0) 成功为问题 'In trapezoid $ABCD$ with $\overline{BC}\parallel\o...' 评定难度: 7
[INFO] 2025-10-06 22:40:07] (Worker_1) 成功为问题 'Let  $a_1,a_2,\dots,a_{100}$  be a sequence of int...' 评定难度: 8
[INFO] 2025-10-06 22:40:07] (Worker_4) 成功为问题 'Welcome to the USAYNO, where each question has a y...' 评定难度: 8
[INFO] 2025-10-06 22:40:07] (Worker_2) 成功为问题 'Let $z_1$, $z_2$, $z_3$, $\dots$, $z_{12}$ be the ...' 评定难度: 1
[INFO] 2025-10-06 22:40:08] (Worker_3) 成功为问题 'How many of the first $1000$ positive integers can...' 评定难度: 7
[INFO] 2025-10-06 22:40:08] (Worker_0) 成功为问题 'Show that the curve  $x^{3}+3xy+y^{3}=1$  contains...' 评定难度: 9
[INFO] 2025-10-06 22:40:08] (Worker_1) 成功为问题 'Let  $a, b, c$  be integers. Prove that there are ...' 评定难度: 8
[INFO] 2025-10-06 22:40:08] (Worker_4) 成功为问题 'A heavy nucleus $N$, at rest, undergoes fission $N...' 评定难度: 7
[WARNING] 2025-10-06 22:40:09] (Worker_2) 未能从模型的响应中解析出数字: 'Let’s break down what’s involved in'
[ERROR] 2025-10-06 22:40:09] (Worker_2) 无法为问题 'Let  $S$  be a square of side length  $1$ .  Two p...' 获取难度等级，已跳过。
[INFO] 2025-10-06 22:40:09] (Worker_3) 成功为问题 'A uniform plank of length L = 6.0 m and mass M = 9...' 评定难度: 7
[WARNING] 2025-10-06 22:40:10] (Worker_1) 未能从模型的响应中解析出数字: 'Let’s break down the problem to assess its'
[ERROR] 2025-10-06 22:40:10] (Worker_1) 无法为问题 'Call a positive integer $n$ $k$ - pretty if $n$ ha...' 获取难度等级，已跳过。
[WARNING] 2025-10-06 22:40:10] (Worker_0) 未能从模型的响应中解析出数字: 'Let’s break down the problem in our reasoning'
[ERROR] 2025-10-06 22:40:10] (Worker_0) 无法为问题 'For how many ordered pairs of positive integers $(...' 获取难度等级，已跳过。
[INFO] 2025-10-06 22:40:10] (Worker_2) 成功为问题 'The Chi-square statistic $\chi^2=\sum_c\frac{(P(x)...' 评定难度: 7
[INFO] 2025-10-06 22:40:10] (Worker_4) 成功为问题 'We define a sequence of natural numbers by the ini...' 评定难度: 7
[WARNING] 2025-10-06 22:40:11] (Worker_3) 未能从模型的响应中解析出数字: 'Let’s break down what’s involved in'
[ERROR] 2025-10-06 22:40:11] (Worker_3) 无法为问题 'A circle with center $O$ has radius 25. Chord $\ov...' 获取难度等级，已跳过。
[WARNING] 2025-10-06 22:40:12] (Worker_1) 未能从模型的响应中解析出数字: 'Let’s break down what the problem is asking'
[ERROR] 2025-10-06 22:40:12] (Worker_1) 无法为问题 'Let $ABCD$ be an isosceles trapezoid with $AD=BC$ ...' 获取难度等级，已跳过。
[INFO] 2025-10-06 22:40:12] (Worker_2) 成功为问题 'Two parallel square plates of side length $1 \math...' 评定难度: 7
[WARNING] 2025-10-06 22:40:12] (Worker_4) 未能从模型的响应中解析出数字: 'Let’s break down the problem quickly.

We'
[ERROR] 2025-10-06 22:40:12] (Worker_4) 无法为问题 'Find the number of sets $\{a,b,c\}$ of three disti...' 获取难度等级，已跳过。
[WARNING] 2025-10-06 22:40:12] (Worker_0) 未能从模型的响应中解析出数字: 'Let’s break down what the problem is asking'
[ERROR] 2025-10-06 22:40:12] (Worker_0) 无法为问题 'Misha rolls a standard, fair six-sided die until s...' 获取难度等级，已跳过。
[INFO] 2025-10-06 22:40:12] (Worker_3) 成功为问题 'Find the ratio of forward-bias to reverse-bias cur...' 评定难度: 7
[INFO] 2025-10-06 22:40:13] (Worker_1) 成功为问题 'Let $A$ be a $2n \times 2n$ matrix, with entries c...' 评定难度: 9
[INFO] 2025-10-06 22:40:13] (Worker_0) 成功为问题 'Let  $f: \mathbb{R} \rightarrow \mathbb{R}$  be th...' 评定难度: 7
[INFO] 2025-10-06 22:40:14] (Worker_4) 成功为问题 'Given a set  $L$  of lines in general position in ...' 评定难度: 8
[INFO] 2025-10-06 22:40:14] (Worker_3) 成功为问题 'You identified several new antigens in a refractor...' 评定难度: 7
[WARNING] 2025-10-06 22:40:14] (Worker_2) 未能从模型的响应中解析出数字: 'Let’s break down the problem’s reasoning'
[ERROR] 2025-10-06 22:40:14] (Worker_2) 无法为问题 'There are two distinguishable flagpoles, and there...' 获取难度等级，已跳过。
[INFO] 2025-10-06 22:40:15] (Worker_0) 成功为问题 'Given that $O$ is a regular octahedron, that $C$ i...' 评定难度: 7
[WARNING] 2025-10-06 22:40:15] (Worker_1) 未能从模型的响应中解析出数字: 'Let’s break down the problem in our minds'
[ERROR] 2025-10-06 22:40:15] (Worker_1) 无法为问题 'Find the sum of all positive integers $a=2^n3^m$ w...' 获取难度等级，已跳过。
[INFO] 2025-10-06 22:40:16] (Worker_2) 成功为问题 'What is the smallest number of standard deviations...' 评定难度: 7
[INFO] 2025-10-06 22:40:16] (Worker_0) 成功为问题 'A cube with side length 10 is suspended above a pl...' 评定难度: 7
[INFO] 2025-10-06 22:40:16] (Worker_3) 成功为问题 'Solve the crossword puzzle. You are presented with...' 评定难度: 7
[WARNING] 2025-10-06 22:40:16] (Worker_4) 未能从模型的响应中解析出数字: 'Let’s break down the problem conceptually to assess'
[ERROR] 2025-10-06 22:40:16] (Worker_4) 无法为问题 'Equilateral $\triangle ABC$ is inscribed in a circ...' 获取难度等级，已跳过。
[INFO] 2025-10-06 22:40:17] (Worker_2) 成功为问题 'Find the number of positive integers less than $10...' 评定难度: 8
[INFO] 2025-10-06 22:40:17] (Worker_1) 成功为问题 'Let the number  $x$ . Using multiply and division ...' 评定难度: 7
[WARNING] 2025-10-06 22:40:18] (Worker_0) 未能从模型的响应中解析出数字: 'Let’s break down the reasoning for difficulty assessment'
[ERROR] 2025-10-06 22:40:18] (Worker_0) 无法为问题 'Let $\mathcal{T}$ be the set of ordered triples $(...' 获取难度等级，已跳过。
[INFO] 2025-10-06 22:40:18] (Worker_4) 成功为问题 'For each positive integer $n,$ let $f(n) = \sum_{k...' 评定难度: 7
[INFO] 2025-10-06 22:40:18] (Worker_1) 成功为问题 'A liquid is moving in an infinite pipe. For each m...' 评定难度: 8
[INFO] 2025-10-06 22:40:18] (Worker_2) 成功为问题 'Suppose that  $ K$  is a compact Hausdorff space a...' 评定难度: 8
[INFO] 2025-10-06 22:40:18] (Worker_3) 成功为问题 'Let  $ n \geq 2$  be a positive integer and  $ \la...' 评定难度: 7
[WARNING] 2025-10-06 22:40:19] (Worker_0) 未能从模型的响应中解析出数字: 'Let’s break down the problem’s reasoning'
[ERROR] 2025-10-06 22:40:19] (Worker_0) 无法为问题 'Let $\triangle ABC$ be a right triangle with right...' 获取难度等级，已跳过。
[WARNING] 2025-10-06 22:40:19] (Worker_4) 未能从模型的响应中解析出数字: 'Let’s break down the problem quickly to assess'
[ERROR] 2025-10-06 22:40:19] (Worker_4) 无法为问题 'In $\triangle ABC, AB = AC = 10$ and $BC = 12$ . P...' 获取难度等级，已跳过。
[INFO] 2025-10-06 22:40:20] (Worker_3) 成功为问题 'For any $n \geq 1$, let $A$ denote the $\mathbb{C}...' 评定难度: 7
[INFO] 2025-10-06 22:40:20] (Worker_1) 成功为问题 'Which one of the following is the least correct st...' 评定难度: 7
[WARNING] 2025-10-06 22:40:20] (Worker_2) 未能从模型的响应中解析出数字: 'Let’s break down the problem in a minimal'
[ERROR] 2025-10-06 22:40:20] (Worker_2) 无法为问题 'Club Truncator is in a soccer league with six othe...' 获取难度等级，已跳过。
[INFO] 2025-10-06 22:40:23] (Worker_1) 成功为问题 'Solve the crossword puzzle. You are presented with...' 评定难度: 7
[INFO] 2025-10-06 22:40:23] (Worker_2) 成功为问题 'Mr. Jackson bought his house in 1995, and financed...' 评定难度: 7
[INFO] 2025-10-06 22:40:23] (Worker_0) 成功为问题 'The polynomial $f(z)=az^{2018}+bz^{2017}+cz^{2016}...' 评定难度: 1
[INFO] 2025-10-06 22:40:23] (Worker_3) 成功为问题 'Compute
\[\cos^6 0^\circ + \cos^6 1^\circ + \cos^6...' 评定难度: 7
[INFO] 2025-10-06 22:40:23] (Worker_4) 成功为问题 '2-(2-oxopropoxy)acetaldehyde, when treated with me...' 评定难度: 8
[INFO] 2025-10-06 22:40:24] (Worker_1) 成功为问题 'Compute the number of triples $(f, g, h)$ of permu...' 评定难度: 9
[INFO] 2025-10-06 22:40:25] (Worker_3) 成功为问题 'Reactant A (C10H9ClO) shows a single negative peak...' 评定难度: 8
[INFO] 2025-10-06 22:40:25] (Worker_2) 成功为问题 'The equation of a digital filter is given by $y(n)...' 评定难度: 4
[INFO] 2025-10-06 22:40:25] (Worker_0) 成功为问题 'A.3 A particle is called ultrarelativistic when it...' 评定难度: 8
[WARNING] 2025-10-06 22:40:25] (Worker_4) 未能从模型的响应中解析出数字: 'Let’s break down the reasoning for difficulty assessment'
[ERROR] 2025-10-06 22:40:25] (Worker_4) 无法为问题 'There is a polynomial $P$ such that for every real...' 获取难度等级，已跳过。
[INFO] 2025-10-06 22:40:25] (Worker_1) 成功为问题 'Let  $n$  be a positive integer and let  $T$  deno...' 评定难度: 8
[INFO] 2025-10-06 22:40:26] (Worker_2) 成功为问题 'A set contains four numbers. The six pairwise sums...' 评定难度: 7
[INFO] 2025-10-06 22:40:26] (Worker_0) 成功为问题 'In triangle $ABC,$ $AB = 13,$ $BC = 14,$ $AC = 15,...' 评定难度: 7
[WARNING] 2025-10-06 22:40:26] (Worker_3) 未能从模型的响应中解析出数字: 'Let’s break down the problem’s reasoning'
[ERROR] 2025-10-06 22:40:26] (Worker_3) 无法为问题 'Let there be a figure with  $9$  disks and  $11$  ...' 获取难度等级，已跳过。
[INFO] 2025-10-06 22:40:26] (Worker_4) 成功为问题 'In trapezoid $ABCD$ with $\overline{BC}\parallel\o...' 评定难度: 7
[INFO] 2025-10-06 22:40:27] (Worker_1) 成功为问题 'Let $\Gamma$ denote a curve $y=y(x)$ which is in t...' 评定难度: 7
[INFO] 2025-10-06 22:40:28] (Worker_0) 成功为问题 'We say that the rank of a group  $ G$  is at most ...' 评定难度: 9
[INFO] 2025-10-06 22:40:28] (Worker_2) 成功为问题 'Let  $ A$  be a commutative unitary ring with an o...' 评定难度: 8
[INFO] 2025-10-06 22:40:28] (Worker_3) 成功为问题 'A biologist wants to calculate the number of fish ...' 评定难度: 7
[WARNING] 2025-10-06 22:40:28] (Worker_4) 未能从模型的响应中解析出数字: 'Let’s break down what’s being asked'
[ERROR] 2025-10-06 22:40:28] (Worker_4) 无法为问题 'A token starts at the point $(0,0)$ of an $xy$ -co...' 获取难度等级，已跳过。
[INFO] 2025-10-06 22:40:29] (Worker_1) 成功为问题 'Let  $u_0, u_1, u_2, \ldots$  be integers such tha...' 评定难度: 8
[INFO] 2025-10-06 22:40:29] (Worker_3) 成功为问题 'Planet X orbits a star (X) in a circular orbit, an...' 评定难度: 7
[WARNING] 2025-10-06 22:40:30] (Worker_0) 未能从模型的响应中解析出数字: 'Let’s break down what’s being asked'
[ERROR] 2025-10-06 22:40:30] (Worker_0) 无法为问题 'Alice Czarina is bored and is playing a game with ...' 获取难度等级，已跳过。
[INFO] 2025-10-06 22:40:30] (Worker_2) 成功为问题 'Find the number of integers $n$ such that \[1+\lef...' 评定难度: 7
[INFO] 2025-10-06 22:40:30] (Worker_1) 成功为问题 'Let  $v$  and  $w$  be distinct, randomly chosen r...' 评定难度: 9
[WARNING] 2025-10-06 22:40:30] (Worker_4) 未能从模型的响应中解析出数字: 'Let’s break down the problem briefly to assess'
[ERROR] 2025-10-06 22:40:30] (Worker_4) 无法为问题 'Let $\overline{AB}$ be a diameter of circle $\omeg...' 获取难度等级，已跳过。
[INFO] 2025-10-06 22:40:31] (Worker_3) 成功为问题 'Find $\sum_{k=0}^{\infty}\left\lfloor\frac{1+\sqrt...' 评定难度: 9
[INFO] 2025-10-06 22:40:31] (Worker_0) 成功为问题 'Solve the crossword puzzle. You are presented with...' 评定难度: 7
[INFO] 2025-10-06 22:40:31] (Worker_2) 成功为问题 'Suppose that  $X$  and  $Y$  are metric spaces and...' 评定难度: 8
[INFO] 2025-10-06 22:40:32] (Worker_3) 成功为问题 'You have a 10 uL aliquot of a 10 uM DNA template o...' 评定难度: 7
[INFO] 2025-10-06 22:40:32] (Worker_4) 成功为问题 'How many different permutations  $(\alpha_1 \alpha...' 评定难度: 7
[INFO] 2025-10-06 22:40:32] (Worker_1) 成功为问题 'Solve the crossword puzzle. You are presented with...' 评定难度: 7
[INFO] 2025-10-06 22:40:33] (Worker_0) 成功为问题 'A simple calculator is given to you. (It contains ...' 评定难度: 8
[WARNING] 2025-10-06 22:40:33] (Worker_2) 未能从模型的响应中解析出数字: 'Let’s break down the problem to assess its'
[INFO] 2025-10-06 22:40:34] (Worker_1) 成功为问题 'Which of the following sequences is correctly orde...' 评定难度: 7
[ERROR] 2025-10-06 22:40:34] (Worker_2) 无法为问题 'In rectangle $ABCD$ , $AB = 12$ and $BC = 10$ .  P...' 获取难度等级，已跳过。
[INFO] 2025-10-06 22:40:35] (Worker_3) 成功为问题 ' $\triangle ABC$  is a triangle with sides  $a,b,c...' 评定难度: 7
[INFO] 2025-10-06 22:40:35] (Worker_0) 成功为问题 'An $a \times b \times c$ rectangular box is built ...' 评定难度: 7
[WARNING] 2025-10-06 22:40:35] (Worker_4) 未能从模型的响应中解析出数字: 'Let’s break down the problem’s structure'
[ERROR] 2025-10-06 22:40:35] (Worker_4) 无法为问题 'Let $\overline{CH}$ be an altitude of $\triangle A...' 获取难度等级，已跳过。
[INFO] 2025-10-06 22:40:36] (Worker_3) 成功为问题 'Alice is sitting in a teacup ride with infinitely ...' 评定难度: 9
[INFO] 2025-10-06 22:40:36] (Worker_2) 成功为问题 'Point $B$ is on $\overline{AC}$ with $AB = 9$ and ...' 评定难度: 7
[INFO] 2025-10-06 22:40:36] (Worker_1) 成功为问题 '2.  The potential due to the line charge could be ...' 评定难度: 3
[WARNING] 2025-10-06 22:40:37] (Worker_0) 未能从模型的响应中解析出数字: 'Let’s break down what the problem is asking'
[ERROR] 2025-10-06 22:40:37] (Worker_0) 无法为问题 'A $7\times 1$ board is completely covered by $m\ti...' 获取难度等级，已跳过。
[INFO] 2025-10-06 22:40:37] (Worker_4) 成功为问题 'A meta-substituted benzoic acid reacts with a mild...' 评定难度: 7
[INFO] 2025-10-06 22:40:37] (Worker_3) 成功为问题 'The state $\psi$ of a system is given in terms of ...' 评定难度: 7
[WARNING] 2025-10-06 22:40:38] (Worker_2) 未能从模型的响应中解析出数字: 'Let’s break down the problem step by step'
[ERROR] 2025-10-06 22:40:38] (Worker_2) 无法为问题 'For positive integers  $i = 2, 3, \ldots, 2020$ , ...' 获取难度等级，已跳过。
[INFO] 2025-10-06 22:40:38] (Worker_4) 成功为问题 'Consider the sequence of numbers defined recursive...' 评定难度: 8
[INFO] 2025-10-06 22:40:38] (Worker_1) 成功为问题 'In a group of nine people each person shakes hands...' 评定难度: 7
[INFO] 2025-10-06 22:40:39] (Worker_0) 成功为问题 'Solve the crossword puzzle. You are presented with...' 评定难度: 7
[INFO] 2025-10-06 22:40:39] (Worker_3) 成功为问题 'Each lattice point with nonnegative coordinates is...' 评定难度: 9
[INFO] 2025-10-06 22:40:39] (Worker_2) 成功为问题 'The diameter of the planet Tatooine is 10465 km. I...' 评定难度: 7
[INFO] 2025-10-06 22:40:40] (Worker_4) 成功为问题 'c. Find the maximum temperature $T_{H}$ to which t...' 评定难度: 7
[INFO] 2025-10-06 22:40:40] (Worker_0) 成功为问题 'Let $B$ be the set of all binary integers that can...' 评定难度: 7
[INFO] 2025-10-06 22:40:40] (Worker_1) 成功为问题 'In general, whenever an electric and a magnetic fi...' 评定难度: 7
[INFO] 2025-10-06 22:40:40] (Worker_2) 成功为问题 'Let $p_{}$ be the probability that, in the process...' 评定难度: 7
[INFO] 2025-10-06 22:40:41] (Worker_3) 成功为问题 'What is the sum of the number of lone pairs of ele...' 评定难度: 7
[INFO] 2025-10-06 22:40:41] (Worker_4) 成功为问题 'If r(t) = (6t+2)i + 5t^2j - 8tk, find the Binormal...' 评定难度: 7
[INFO] 2025-10-06 22:40:41] (Worker_1) 成功为问题 'In a sequence of coin tosses, one can keep a recor...' 评定难度: 7
[INFO] 2025-10-06 22:40:42] (Worker_0) 成功为问题 'There are  $N\ge3$  letters arranged in a circle, ...' 评定难度: 7
[INFO] 2025-10-06 22:40:42] (Worker_2) 成功为问题 '9-fluorenone and 2 equivalents of selectfluor were...' 评定难度: 7
[INFO] 2025-10-06 22:40:43] (Worker_1) 成功为问题 'A function $f$ is defined for all real numbers and...' 评定难度: 7
[INFO] 2025-10-06 22:40:43] (Worker_4) 成功为问题 'Determine the smallest positive value of $x,$ in d...' 评定难度: 7
[WARNING] 2025-10-06 22:40:43] (Worker_3) 未能从模型的响应中解析出数字: 'Let’s break down the problem to assess its'
[ERROR] 2025-10-06 22:40:43] (Worker_3) 无法为问题 'Let $a, b, c,$ and $d$ be real numbers that satisf...' 获取难度等级，已跳过。
[INFO] 2025-10-06 22:40:43] (Worker_0) 成功为问题 'Find solutions of the equation  $u_t=u_{xxx}+uu_x$...' 评定难度: 7
[INFO] 2025-10-06 22:40:44] (Worker_2) 成功为问题 'Stars in our galaxy have different compositions. W...' 评定难度: 7
[INFO] 2025-10-06 22:40:44] (Worker_3) 成功为问题 'Given that $x$ and $y$ are both integers between $...' 评定难度: 8
[INFO] 2025-10-06 22:40:44] (Worker_4) 成功为问题 'Let $H$ be the orthocenter of triangle $ABC.$  For...' 评定难度: 1
[INFO] 2025-10-06 22:40:45] (Worker_1) 成功为问题 'A scientist studies the stress response of barley ...' 评定难度: 7
[INFO] 2025-10-06 22:40:47] (Worker_4) 成功为问题 'Let $ABCD$ be a parallelogram .  Extend $\overline...' 评定难度: 7
[INFO] 2025-10-06 22:40:47] (Worker_1) 成功为问题 'Write down the major products for the following re...' 评定难度: 7
[INFO] 2025-10-06 22:40:47] (Worker_2) 成功为问题 'Let  $*$  be a commutative and associative binary ...' 评定难度: 7
[WARNING] 2025-10-06 22:40:47] (Worker_0) 未能从模型的响应中解析出数字: 'Let’s break down the problem quickly to assess'
[ERROR] 2025-10-06 22:40:47] (Worker_0) 无法为问题 'Positive integers $a$ , $b$ , $c$ , and $d$ satisf...' 获取难度等级，已跳过。
[INFO] 2025-10-06 22:40:47] (Worker_3) 成功为问题 'The workers in a factory produce widgets and whoos...' 评定难度: 7
[INFO] 2025-10-06 22:40:48] (Worker_2) 成功为问题 'Find the minimum value of
\[f(x) = x + \frac{x}{x^...' 评定难度: 8
[INFO] 2025-10-06 22:40:49] (Worker_3) 成功为问题 'Alice and Bob live on the same road. At time  $t$ ...' 评定难度: 8
[INFO] 2025-10-06 22:40:49] (Worker_1) 成功为问题 'A pyramid has a triangular base with side lengths ...' 评定难度: 7
[INFO] 2025-10-06 22:40:49] (Worker_4) 成功为问题 'Find the least odd prime factor of $2019^8 + 1$ ....' 评定难度: 8
[INFO] 2025-10-06 22:40:49] (Worker_0) 成功为问题 'Let $S_n$ be the sum of the reciprocals of the non...' 评定难度: 9
[INFO] 2025-10-06 22:40:50] (Worker_2) 成功为问题 'Consider a $1 \mathrm{~cm}$ long slit with negligi...' 评定难度: 7
[INFO] 2025-10-06 22:40:50] (Worker_3) 成功为问题 'A right circular cone has a base with radius $600$...' 评定难度: 7
[INFO] 2025-10-06 22:40:50] (Worker_1) 成功为问题 'Given the rest of reaction components:
reactant: C...' 评定难度: 7
[INFO] 2025-10-06 22:40:50] (Worker_4) 成功为问题 'The first 2007 positive integers are each written ...' 评定难度: 7
[WARNING] 2025-10-06 22:40:51] (Worker_0) 未能从模型的响应中解析出数字: 'Let’s break down the problem quickly to assess'
[ERROR] 2025-10-06 22:40:51] (Worker_0) 无法为问题 'For how many ordered pairs $(x,y)$ of integers is ...' 获取难度等级，已跳过。
[INFO] 2025-10-06 22:40:51] (Worker_2) 成功为问题 'Let  $\{ z_n \}_{n \ge 1}$  be a sequence of compl...' 评定难度: 8
[INFO] 2025-10-06 22:40:52] (Worker_3) 成功为问题 'Prove that a nontrivial finite ring is not a skew ...' 评定难度: 10
[INFO] 2025-10-06 22:40:52] (Worker_4) 成功为问题 'Consider one mole of helium gas enclosed in a cont...' 评定难度: 7
[WARNING] 2025-10-06 22:40:52] (Worker_1) 未能从模型的响应中解析出数字: 'Let’s break down the problem in a minimal'
[ERROR] 2025-10-06 22:40:52] (Worker_1) 无法为问题 'Alpha and Beta both took part in a two-day problem...' 获取难度等级，已跳过。
[INFO] 2025-10-06 22:40:52] (Worker_0) 成功为问题 'For integers  $k\ (0\leq k\leq 5)$ , positive numb...' 评定难度: 9
[INFO] 2025-10-06 22:40:53] (Worker_2) 成功为问题 'Let $f:[0,1] \rightarrow[0,1]$ be the function def...' 评定难度: 7
[WARNING] 2025-10-06 22:40:53] (Worker_3) 未能从模型的响应中解析出数字: 'Let’s break down the problem conceptually to assess'
[ERROR] 2025-10-06 22:40:53] (Worker_3) 无法为问题 'Let  $\mathcal{P}$  be the unique parabola in the ...' 获取难度等级，已跳过。
[INFO] 2025-10-06 22:40:53] (Worker_1) 成功为问题 'Given image \begin{tabular}{|llll|} \hline 7 & 1 &...' 评定难度: 6
[WARNING] 2025-10-06 22:40:54] (Worker_0) 未能从模型的响应中解析出数字: 'Let’s think through the reasoning for difficulty assessment'
[ERROR] 2025-10-06 22:40:54] (Worker_0) 无法为问题 'The sum of the following seven numbers is exactly ...' 获取难度等级，已跳过。
[WARNING] 2025-10-06 22:40:54] (Worker_4) 未能从模型的响应中解析出数字: 'Let’s break down the problem quickly to assess'
[ERROR] 2025-10-06 22:40:54] (Worker_4) 无法为问题 'Let $a$ and $b$ be positive integers satisfying $\...' 获取难度等级，已跳过。
[WARNING] 2025-10-06 22:40:54] (Worker_2) 未能从模型的响应中解析出数字: 'Let’s break down the problem’s reasoning'
[ERROR] 2025-10-06 22:40:54] (Worker_2) 无法为问题 'During a recent campaign for office, a candidate m...' 获取难度等级，已跳过。
[INFO] 2025-10-06 22:40:55] (Worker_0) 成功为问题 'A4 Define $x_{\mathrm{g}}=h v_{\mathrm{g}} / k_{\m...' 评定难度: 7
[INFO] 2025-10-06 22:40:55] (Worker_1) 成功为问题 'vi. Eventually we cannot neglect the effect of the...' 评定难度: 8
[INFO] 2025-10-06 22:40:55] (Worker_3) 成功为问题 '2.1 Find the ratio $\frac{\rho_{i} T_{i}}{\rho_{a}...' 评定难度: 7
[INFO] 2025-10-06 22:40:55] (Worker_4) 成功为问题 'Let  $x_1,x_2,\ldots,x_n $  be real numbers, where...' 评定难度: 8
[INFO] 2025-10-06 22:40:56] (Worker_2) 成功为问题 'Let $a,$ $b,$ $c,$ $d$ be real numbers such that
\...' 评定难度: 1
[INFO] 2025-10-06 22:40:57] (Worker_1) 成功为问题 'Let  $n\geq 2$  be a given integer. Initially, we ...' 评定难度: 8
[INFO] 2025-10-06 22:40:57] (Worker_0) 成功为问题 'Find the curvature for r(t) = 5cos(t)i + 4sin(t)j ...' 评定难度: 5
[INFO] 2025-10-06 22:40:57] (Worker_3) 成功为问题 'Determine all possible values of  $a_1$  for which...' 评定难度: 9
[INFO] 2025-10-06 22:40:57] (Worker_4) 成功为问题 'On a day when the speed of sound is the fundamenta...' 评定难度: 7
[INFO] 2025-10-06 22:40:58] (Worker_2) 成功为问题 'Freddy the frog is jumping around the coordinate p...' 评定难度: 7
[WARNING] 2025-10-06 22:40:58] (Worker_3) 未能从模型的响应中解析出数字: 'Let’s break down the problem’s reasoning'
[ERROR] 2025-10-06 22:40:58] (Worker_3) 无法为问题 ' $2014$  points are placed on a circumference. On ...' 获取难度等级，已跳过。
[WARNING] 2025-10-06 22:40:58] (Worker_0) 未能从模型的响应中解析出数字: 'Let’s break down the problem’s reasoning'
[ERROR] 2025-10-06 22:40:58] (Worker_0) 无法为问题 'In a five-team tournament, each team plays one gam...' 获取难度等级，已跳过。
[INFO] 2025-10-06 22:40:58] (Worker_1) 成功为问题 'A sequence is defined as follows $a_1=a_2=a_3=1,$ ...' 评定难度: 7
[WARNING] 2025-10-06 22:40:58] (Worker_4) 未能从模型的响应中解析出数字: 'Let’s break down the problem’s structure'
[ERROR] 2025-10-06 22:40:58] (Worker_4) 无法为问题 'A sequence of positive integers with $a_1=1$ and $...' 获取难度等级，已跳过。
[INFO] 2025-10-06 22:40:59] (Worker_2) 成功为问题 'Every card in a deck has a picture of one shape - ...' 评定难度: 8
[INFO] 2025-10-06 22:41:00] (Worker_3) 成功为问题 'There are  $2005$  players in a chess tournament p...' 评定难度: 8
[INFO] 2025-10-06 22:41:00] (Worker_1) 成功为问题 'The vector $\begin{pmatrix} 1 \\ 2 \\ 2 \end{pmatr...' 评定难度: 7
[INFO] 2025-10-06 22:41:00] (Worker_0) 成功为问题 'During a quantum communication task of a quantum d...' 评定难度: 7
[INFO] 2025-10-06 22:41:00] (Worker_4) 成功为问题 'Given vertically polarized light, you're given the...' 评定难度: 7
[INFO] 2025-10-06 22:41:00] (Worker_2) 成功为问题 'The formula for converting a Fahrenheit temperatur...' 评定难度: 7
[INFO] 2025-10-06 22:41:01] (Worker_3) 成功为问题 'Let be a group  $ G $  of order  $ 1+p, $  where  ...' 评定难度: 8
[INFO] 2025-10-06 22:41:01] (Worker_1) 成功为问题 '3.4

Calculate the energy of the ion $\mathrm{A}^{...' 评定难度: 8
[INFO] 2025-10-06 22:41:01] (Worker_2) 成功为问题 'Find the arc length of the curve, where x=t, y=t^2...' 评定难度: 7
[INFO] 2025-10-06 22:41:02] (Worker_0) 成功为问题 '(d) Using parts (a), (b), and (c), show that the a...' 评定难度: 7
[INFO] 2025-10-06 22:41:02] (Worker_4) 成功为问题 'A decrease in activity in the electrophilic mononi...' 评定难度: 7
[INFO] 2025-10-06 22:41:02] (Worker_3) 成功为问题 'Solve the crossword puzzle. You are presented with...' 评定难度: 7
[INFO] 2025-10-06 22:41:03] (Worker_1) 成功为问题 'Suppose that the roots of $x^3+3x^2+4x-11=0$ are $...' 评定难度: 7
[INFO] 2025-10-06 22:41:03] (Worker_2) 成功为问题 'Mike draws five cards from a standard 52-card deck...' 评定难度: 7
[INFO] 2025-10-06 22:41:03] (Worker_0) 成功为问题 'Let  $A$  be a subset of  $\mathbb{Z}/n\mathbb{Z}$...' 评定难度: 7
[INFO] 2025-10-06 22:41:03] (Worker_4) 成功为问题 'Given positive numbers  $a_1$  and  $b_1$ , consid...' 评定难度: 7
[INFO] 2025-10-06 22:41:04] (Worker_3) 成功为问题 'Find the largest possible value of $k$ for which $...' 评定难度: 7
[WARNING] 2025-10-06 22:41:04] (Worker_1) 未能从模型的响应中解析出数字: 'Let’s break down the problem to assess its'
[ERROR] 2025-10-06 22:41:04] (Worker_1) 无法为问题 'Given a circle of radius $\sqrt{13}$ , let $A$ be ...' 获取难度等级，已跳过。
[INFO] 2025-10-06 22:41:05] (Worker_4) 成功为问题 'We randomly choose a function $f:[n] \rightarrow[n...' 评定难度: 7
[INFO] 2025-10-06 22:41:05] (Worker_0) 成功为问题 'Let  $a,b,A,B$  be given reals. We consider the fu...' 评定难度: 8
[WARNING] 2025-10-06 22:41:05] (Worker_2) 未能从模型的响应中解析出数字: 'Let’s break down the problem quickly to assess'
[ERROR] 2025-10-06 22:41:05] (Worker_2) 无法为问题 'Let the sequence  $a_{1}, a_{2}, \cdots$  be defin...' 获取难度等级，已跳过。
[INFO] 2025-10-06 22:41:06] (Worker_3) 成功为问题 'A scientist is doing an experiment with a setup co...' 评定难度: 7
[INFO] 2025-10-06 22:41:06] (Worker_4) 成功为问题 'Determined the product obtained when prop-1-en-2-y...' 评定难度: 7
[INFO] 2025-10-06 22:41:06] (Worker_0) 成功为问题 'The increasing sequence $2,3,5,6,7,10,11,\ldots$ c...' 评定难度: 8
[WARNING] 2025-10-06 22:41:06] (Worker_1) 未能从模型的响应中解析出数字: 'Let’s break down what the problem is asking'
[ERROR] 2025-10-06 22:41:06] (Worker_1) 无法为问题 'Centered at each lattice point in the coordinate p...' 获取难度等级，已跳过。
[INFO] 2025-10-06 22:41:06] (Worker_2) 成功为问题 '(a) Knowing that Legendre polynomials are orthogon...' 评定难度: 7
[INFO] 2025-10-06 22:41:07] (Worker_3) 成功为问题 'An infinite sequence of real numbers $a_1, a_2, \d...' 评定难度: 7
[INFO] 2025-10-06 22:41:08] (Worker_0) 成功为问题 'Triangle $ABC$ has positive integer side lengths w...' 评定难度: 7
[INFO] 2025-10-06 22:41:08] (Worker_4) 成功为问题 'f. What is the increase in the entropy of the univ...' 评定难度: 7
[INFO] 2025-10-06 22:41:08] (Worker_1) 成功为问题 'When a solution of barium chloride is added to a s...' 评定难度: 8
[INFO] 2025-10-06 22:41:08] (Worker_3) 成功为问题 'Let $\zeta=\cos \frac{2 \pi}{13}+i \sin \frac{2 \p...' 评定难度: 7
[INFO] 2025-10-06 22:41:09] (Worker_2) 成功为问题 'Let $z$ be a non-real complex number with $z^{23}=...' 评定难度: 1
[INFO] 2025-10-06 22:41:09] (Worker_4) 成功为问题 'The Fibonacci numbers  $F_1, F_2, F_3, \ldots$  ar...' 评定难度: 7
[INFO] 2025-10-06 22:41:09] (Worker_1) 成功为问题 'In triangle $ABC,$ let $D,$ $E,$ $F$ be the midpoi...' 评定难度: 7
[WARNING] 2025-10-06 22:41:09] (Worker_0) 未能从模型的响应中解析出数字: 'Let’s break down the problem’s reasoning'
[ERROR] 2025-10-06 22:41:09] (Worker_0) 无法为问题 'A group of clerks is assigned the task of sorting ...' 获取难度等级，已跳过。
[INFO] 2025-10-06 22:41:10] (Worker_3) 成功为问题 'Let  $n\geq 1$  be an integer. Find all rings  $(A...' 评定难度: 8
[INFO] 2025-10-06 22:41:10] (Worker_2) 成功为问题 'There are  $200$  numbers on a blackboard: $ 1! , ...' 评定难度: 7
[INFO] 2025-10-06 22:41:10] (Worker_4) 成功为问题 'Define a function  $w:\mathbb{Z}\times\mathbb{Z}\t...' 评定难度: 8
[WARNING] 2025-10-06 22:41:11] (Worker_1) 未能从模型的响应中解析出数字: 'Let’s break down the problem’s reasoning'
[ERROR] 2025-10-06 22:41:11] (Worker_1) 无法为问题 'Triangle $AB_0C_0$ has side lengths $AB_0 = 12$ , ...' 获取难度等级，已跳过。
[INFO] 2025-10-06 22:41:11] (Worker_2) 成功为问题 'Let \(n\ge3\) be a fixed integer, and let \(\alpha...' 评定难度: 9
[WARNING] 2025-10-06 22:41:12] (Worker_4) 未能从模型的响应中解析出数字: 'Let’s break down the problem in our minds'
[ERROR] 2025-10-06 22:41:12] (Worker_4) 无法为问题 'Fisica and Ritmo discovered a piece of Notalium sh...' 获取难度等级，已跳过。
[INFO] 2025-10-06 22:41:12] (Worker_3) 成功为问题 'Let $a$ and $b$ be complex numbers satisfying the ...' 评定难度: 8
[WARNING] 2025-10-06 22:41:12] (Worker_0) 未能从模型的响应中解析出数字: 'Let’s break down the problem’s reasoning'
[ERROR] 2025-10-06 22:41:12] (Worker_0) 无法为问题 'The escalator of the department store, which at an...' 获取难度等级，已跳过。
[WARNING] 2025-10-06 22:41:12] (Worker_1) 未能从模型的响应中解析出数字: 'Let’s break down the problem’s reasoning'
[ERROR] 2025-10-06 22:41:12] (Worker_1) 无法为问题 'Jenny and Kenny are walking in the same direction,...' 获取难度等级，已跳过。
[INFO] 2025-10-06 22:41:13] (Worker_2) 成功为问题 'The set of points $\left(x_{1}, x_{2}, x_{3}, x_{4...' 评定难度: 8
[INFO] 2025-10-06 22:41:13] (Worker_3) 成功为问题 'Let $S$ be a set of size 3. How many collections $...' 评定难度: 7
[WARNING] 2025-10-06 22:41:14] (Worker_4) 未能从模型的响应中解析出数字: 'Let’s break down what’s being asked'
[ERROR] 2025-10-06 22:41:14] (Worker_4) 无法为问题 'Equilateral triangle $\triangle ABC$ is inscribed ...' 获取难度等级，已跳过。
[INFO] 2025-10-06 22:41:14] (Worker_1) 成功为问题 'Given complex number $z$, define sequence $z_{0}, ...' 评定难度: 8
[INFO] 2025-10-06 22:41:14] (Worker_0) 成功为问题 'Take the following differential equation:
\[3(3+x^...' 评定难度: 8
[INFO] 2025-10-06 22:41:16] (Worker_0) 成功为问题 'The function $f(x)$ is of the form $a x^{2}+b x+c$...' 评定难度: 9
[INFO] 2025-10-06 22:41:16] (Worker_1) 成功为问题 'A circle is inscribed in quadrilateral $ABCD$ , ta...' 评定难度: 7
[INFO] 2025-10-06 22:41:16] (Worker_4) 成功为问题 '(a) Does $\sum_{i=1}^{p-1} \frac{1}{i} \equiv 0\le...' 评定难度: 8
[WARNING] 2025-10-06 22:41:16] (Worker_3) 未能从模型的响应中解析出数字: 'Let’s break down the problem.

We have'
[ERROR] 2025-10-06 22:41:16] (Worker_3) 无法为问题 'Positive integers  $ a$ ,  $ b$ , and  $ c$  are c...' 获取难度等级，已跳过。
[WARNING] 2025-10-06 22:41:16] (Worker_2) 未能从模型的响应中解析出数字: 'Let’s think through the reasoning process needed for'
[ERROR] 2025-10-06 22:41:16] (Worker_2) 无法为问题 'Consider the sequence of numbers defined recursive...' 获取难度等级，已跳过。
[INFO] 2025-10-06 22:41:17] (Worker_1) 成功为问题 'Define  $p(x) = 4x^{3}-2x^{2}-15x+9, q(x) = 12x^{3...' 评定难度: 7
[INFO] 2025-10-06 22:41:17] (Worker_4) 成功为问题 'A compound with the molecular formula C8H6O2 gives...' 评定难度: 8
[INFO] 2025-10-06 22:41:17] (Worker_0) 成功为问题 'A frog begins at $P_0 = (0,0)$ and makes a sequenc...' 评定难度: 8
[INFO] 2025-10-06 22:41:18] (Worker_2) 成功为问题 'c. Assuming the radius is the value you found in p...' 评定难度: 7
[WARNING] 2025-10-06 22:41:18] (Worker_3) 未能从模型的响应中解析出数字: 'Let’s break down what’s being asked'
[ERROR] 2025-10-06 22:41:18] (Worker_3) 无法为问题 'Let $p(x,y) = a_0 + a_1x + a_2y + a_3x^2 + a_4xy +...' 获取难度等级，已跳过。
[INFO] 2025-10-06 22:41:18] (Worker_1) 成功为问题 'Let $F(z)=\frac{z+i}{z-i}$ for all complex numbers...' 评定难度: 7
[INFO] 2025-10-06 22:41:19] (Worker_4) 成功为问题 'Let  $a_{i,j}\enspace(\forall\enspace 1\leq i\leq ...' 评定难度: 7
[INFO] 2025-10-06 22:41:19] (Worker_0) 成功为问题 'Prove that  $$ \int^{\frac\pi3}_{\frac\pi6}\frac u...' 评定难度: 9
[INFO] 2025-10-06 22:41:19] (Worker_2) 成功为问题 'Let the sequence  $(a_{n})$  be deﬁned by  $a_{1} ...' 评定难度: 8
[INFO] 2025-10-06 22:41:20] (Worker_3) 成功为问题 'Let  $R$  ba a finite ring with the following prop...' 评定难度: 8
[INFO] 2025-10-06 22:41:20] (Worker_4) 成功为问题 'Let $\omega = e^{2 \pi i/1729}.$  Compute
\[\sum_{...' 评定难度: 7
[INFO] 2025-10-06 22:41:20] (Worker_0) 成功为问题 'A small point-like object is thrown horizontally o...' 评定难度: 7
[WARNING] 2025-10-06 22:41:20] (Worker_1) 未能从模型的响应中解析出数字: 'Let’s break down the reasoning for difficulty assessment'
[ERROR] 2025-10-06 22:41:20] (Worker_1) 无法为问题 'Let $ABCD$ be a convex quadrilateral with $AB = CD...' 获取难度等级，已跳过。
[INFO] 2025-10-06 22:41:21] (Worker_3) 成功为问题 'A fenced, rectangular field measures 24 meters by ...' 评定难度: 7
[WARNING] 2025-10-06 22:41:21] (Worker_2) 未能从模型的响应中解析出数字: 'Let’s break down the reasoning for difficulty assessment'
[ERROR] 2025-10-06 22:41:21] (Worker_2) 无法为问题 'Define a sequence recursively by $t_1 = 20$ , $t_2...' 获取难度等级，已跳过。
[INFO] 2025-10-06 22:41:22] (Worker_1) 成功为问题 'A sample of 121 integers is given, each between 1 ...' 评定难度: 7
[INFO] 2025-10-06 22:41:22] (Worker_4) 成功为问题 'Astronomers are searching for exoplanets around tw...' 评定难度: 7
[WARNING] 2025-10-06 22:41:22] (Worker_0) 未能从模型的响应中解析出数字: 'Let’s break down what’s being asked'
[ERROR] 2025-10-06 22:41:22] (Worker_0) 无法为问题 'Define $n!!$ to be $n(n-2)(n-4)\cdots 3\cdot 1$ fo...' 获取难度等级，已跳过。
[INFO] 2025-10-06 22:41:23] (Worker_3) 成功为问题 'Tom is chasing Jerry on the coordinate plane. Tom ...' 评定难度: 7
[INFO] 2025-10-06 22:41:23] (Worker_2) 成功为问题 'The Proca equation is given by

\partial_{\mu}F^{\...' 评定难度: 8
[INFO] 2025-10-06 22:41:23] (Worker_4) 成功为问题 'There are $N$ permutations $(a_1, a_2, \dots, a_{3...' 评定难度: 8
[WARNING] 2025-10-06 22:41:23] (Worker_0) 未能从模型的响应中解析出数字: 'Let’s break down what the problem is asking'
[ERROR] 2025-10-06 22:41:23] (Worker_0) 无法为问题 'The sum of the areas of all triangles whose vertic...' 获取难度等级，已跳过。
[WARNING] 2025-10-06 22:41:24] (Worker_1) 未能从模型的响应中解析出数字: 'Let’s break down the problem’s reasoning'
[ERROR] 2025-10-06 22:41:24] (Worker_1) 无法为问题 'A teacher was leading a class of four perfectly lo...' 获取难度等级，已跳过。
[WARNING] 2025-10-06 22:41:24] (Worker_3) 未能从模型的响应中解析出数字: 'Let’s break down what’s being asked'
[ERROR] 2025-10-06 22:41:24] (Worker_3) 无法为问题 'Let $S$ be a set with six elements . Let $\mathcal...' 获取难度等级，已跳过。
[INFO] 2025-10-06 22:41:24] (Worker_2) 成功为问题 'Let  $n\ge 1$   be a fixed integer. Calculate the ...' 评定难度: 9
[INFO] 2025-10-06 22:41:25] (Worker_4) 成功为问题 'Bob’s Rice ID number has six digits, each a number...' 评定难度: 7
[INFO] 2025-10-06 22:41:25] (Worker_0) 成功为问题 'Given a number  $n\in\mathbb{Z}^+$  and let  $S$  ...' 评定难度: 8
[INFO] 2025-10-06 22:41:25] (Worker_1) 成功为问题 'An infinite road has traffic lights at intervals o...' 评定难度: 7
[INFO] 2025-10-06 22:41:26] (Worker_3) 成功为问题 'The reaction of silver and oxygen to silver oxide ...' 评定难度: 7
[INFO] 2025-10-06 22:41:26] (Worker_0) 成功为问题 'Let $a_{0}=-2, b_{0}=1$, and for $n \geq 0$, let $...' 评定难度: 7
[INFO] 2025-10-06 22:41:26] (Worker_4) 成功为问题 'The root of the equation x = (1 / 2) + sin x by us...' 评定难度: 7
[INFO] 2025-10-06 22:41:26] (Worker_1) 成功为问题 'Suppose a parabola with the axis as the  $ y$  axi...' 评定难度: 8
[INFO] 2025-10-06 22:41:27] (Worker_2) 成功为问题 'Let $\triangle ABC$ have side lengths $AB=30$ , $B...' 评定难度: 8
[INFO] 2025-10-06 22:41:27] (Worker_3) 成功为问题 'Let  $a,b,c,d$  be positive integers such that  $a...' 评定难度: 7
[INFO] 2025-10-06 22:41:28] (Worker_0) 成功为问题 'Consider a file with a size of 350 Kbytes storing ...' 评定难度: 8
[WARNING] 2025-10-06 22:41:28] (Worker_4) 未能从模型的响应中解析出数字: 'Let’s break down the problem’s nature'
[ERROR] 2025-10-06 22:41:28] (Worker_4) 无法为问题 'Let $EFGH$ , $EFDC$ , and $EHBC$ be three adjacent...' 获取难度等级，已跳过。
[INFO] 2025-10-06 22:41:28] (Worker_1) 成功为问题 'A train pulls out of the station at constant veloc...' 评定难度: 8
[INFO] 2025-10-06 22:41:30] (Worker_1) 成功为问题 'Find the maximum value of  $ x_{0}$  for which the...' 评定难度: 7
[INFO] 2025-10-06 22:41:30] (Worker_0) 成功为问题 'Consider an ultra high energy proton coming from d...' 评定难度: 8
[INFO] 2025-10-06 22:41:30] (Worker_2) 成功为问题 'In this problem, we consider a simple model for a ...' 评定难度: 7
[WARNING] 2025-10-06 22:41:31] (Worker_4) 未能从模型的响应中解析出数字: 'Let’s break down what’s being asked'
[ERROR] 2025-10-06 22:41:31] (Worker_4) 无法为问题 'David found four sticks of different lengths that ...' 获取难度等级，已跳过。
[WARNING] 2025-10-06 22:41:31] (Worker_3) 未能从模型的响应中解析出数字: 'Let’s break down the problem quickly in our'
[ERROR] 2025-10-06 22:41:31] (Worker_3) 无法为问题 'Jane is 25 years old. Dick is older than Jane. In ...' 获取难度等级，已跳过。
[INFO] 2025-10-06 22:41:32] (Worker_2) 成功为问题 '(a) A function  $f:\mathbb{Z} \rightarrow \mathbb{...' 评定难度: 8
[INFO] 2025-10-06 22:41:32] (Worker_1) 成功为问题 'Twenty distinct points are marked on a circle and ...' 评定难度: 7
[INFO] 2025-10-06 22:41:32] (Worker_4) 成功为问题 'The positive numbers  $a_1, a_2,...$  satisfy  $a_...' 评定难度: 9
[INFO] 2025-10-06 22:41:32] (Worker_0) 成功为问题 '(1) Find the range of  $a$  for which there exist ...' 评定难度: 8
[INFO] 2025-10-06 22:41:32] (Worker_3) 成功为问题 'Simplify the product $$\prod_{m=1}^{100} \prod_{n=...' 评定难度: 1
[INFO] 2025-10-06 22:41:33] (Worker_1) 成功为问题 'A sequence  $(a_n)$  is defined recursively by  $a...' 评定难度: 9
[INFO] 2025-10-06 22:41:34] (Worker_2) 成功为问题 'Let  $R$  be an associative non-commutative ring a...' 评定难度: 8
[INFO] 2025-10-06 22:41:34] (Worker_0) 成功为问题 'Consider the set

\[M = \left\{ 
\begin{pmatrix}
a...' 评定难度: 8
[INFO] 2025-10-06 22:41:34] (Worker_4) 成功为问题 'Let $f: \mathbb{N} \rightarrow \mathbb{N}$ be a fu...' 评定难度: 7
[INFO] 2025-10-06 22:41:34] (Worker_3) 成功为问题 'Let  $S$  be a set of  $n$  points in the plane su...' 评定难度: 8
[INFO] 2025-10-06 22:41:35] (Worker_1) 成功为问题 'Let \[T=\{(tq,1-t) \in\mathbb R^{2}| t \in [0,1],q...' 评定难度: 9
[WARNING] 2025-10-06 22:41:35] (Worker_2) 未能从模型的响应中解析出数字: 'Let’s break down the problem’s reasoning'
[ERROR] 2025-10-06 22:41:35] (Worker_2) 无法为问题 'A set $\mathcal{S}$ of distinct positive integers ...' 获取难度等级，已跳过。
[WARNING] 2025-10-06 22:41:35] (Worker_0) 未能从模型的响应中解析出数字: 'Let’s break down the problem in our minds'
[ERROR] 2025-10-06 22:41:35] (Worker_0) 无法为问题 'Let $s(n)$ denote the sum of the digits (in base t...' 获取难度等级，已跳过。
[INFO] 2025-10-06 22:41:36] (Worker_4) 成功为问题 'a) Find two sets  $X,Y$  such that  $X\cap Y =\emp...' 评定难度: 8
[INFO] 2025-10-06 22:41:36] (Worker_3) 成功为问题 'Esmeralda writes  $2n$  real numbers  $x_1, x_2, \...' 评定难度: 8
[INFO] 2025-10-06 22:41:36] (Worker_2) 成功为问题 '2.3 The bubble is initially formed with warmer air...' 评定难度: 7
[INFO] 2025-10-06 22:41:37] (Worker_1) 成功为问题 'Let $S_{7}$ denote all the permutations of $1,2, \...' 评定难度: 7
[INFO] 2025-10-06 22:41:37] (Worker_4) 成功为问题 'For any integer $k$, write $f_{k}(x)=\left(1+x^{2}...' 评定难度: 8
[INFO] 2025-10-06 22:41:37] (Worker_0) 成功为问题 'The numbers  $1, 2, \ldots, 2012$  are written on ...' 评定难度: 8
[INFO] 2025-10-06 22:41:38] (Worker_3) 成功为问题 'Define the sequence  $a_0,a_1,a_2,\hdots$  by  $a_...' 评定难度: 8
[WARNING] 2025-10-06 22:41:38] (Worker_2) 未能从模型的响应中解析出数字: 'Let’s break down what the problem is asking'
[ERROR] 2025-10-06 22:41:38] (Worker_2) 无法为问题 'For each positive integer  $n$ , define \[g(n) = \...' 获取难度等级，已跳过。
[INFO] 2025-10-06 22:41:38] (Worker_4) 成功为问题 'Denote  $g(k)$  as the greatest odd divisor of  $k...' 评定难度: 8
[INFO] 2025-10-06 22:41:39] (Worker_1) 成功为问题 'Let $x_{1}=y_{1}=x_{2}=y_{2}=1$, then for $n \geq ...' 评定难度: 7
[INFO] 2025-10-06 22:41:39] (Worker_0) 成功为问题 'Let $A B C$ be a solid right triangle $(A B=5 s, A...' 评定难度: 7
[INFO] 2025-10-06 22:41:39] (Worker_3) 成功为问题 'Consider an optical system consisting of two thin ...' 评定难度: 7
[INFO] 2025-10-06 22:41:40] (Worker_4) 成功为问题 'Point $B$ is in the exterior of the regular $n$ -s...' 评定难度: 8
[INFO] 2025-10-06 22:41:40] (Worker_2) 成功为问题 'On a sphere with radius  $1$ , a point  $ P $  is ...' 评定难度: 7
[WARNING] 2025-10-06 22:41:40] (Worker_1) 未能从模型的响应中解析出数字: 'Let’s break down the problem in my mind'
[ERROR] 2025-10-06 22:41:40] (Worker_1) 无法为问题 'Given are the points  $A_0 = (0,0,0), A_1 = (1,0,0...' 获取难度等级，已跳过。
[INFO] 2025-10-06 22:41:40] (Worker_0) 成功为问题 'Let $z = \cos \frac{4 \pi}{7} + i \sin \frac{4 \pi...' 评定难度: 7
[INFO] 2025-10-06 22:41:41] (Worker_2) 成功为问题 'Define the function  $f(x) = \lfloor x \rfloor + \...' 评定难度: 8
[INFO] 2025-10-06 22:41:41] (Worker_4) 成功为问题 'Find the number of distinct numbers in the list
\[...' 评定难度: 7
[INFO] 2025-10-06 22:41:42] (Worker_1) 成功为问题 'Let  $b$  be a positive integer. Grogg writes down...' 评定难度: 9
[INFO] 2025-10-06 22:41:42] (Worker_3) 成功为问题 'Suppose you have a sphere tangent to the  $xy$ -pl...' 评定难度: 8
[INFO] 2025-10-06 22:41:43] (Worker_2) 成功为问题 'Let triangle $ABC$ be a right triangle in the $xy$...' 评定难度: 8
[INFO] 2025-10-06 22:41:43] (Worker_4) 成功为问题 'Let $f : \mathbb{C} \to \mathbb{C} $ be defined by...' 评定难度: 7
[INFO] 2025-10-06 22:41:43] (Worker_3) 成功为问题 'Find any quadruple of positive integers $(a, b, c,...' 评定难度: 7
[INFO] 2025-10-06 22:41:44] (Worker_0) 成功为问题 'For each integer $x$ with $1 \leq x \leq 10$, a po...' 评定难度: 8
[WARNING] 2025-10-06 22:41:44] (Worker_1) 未能从模型的响应中解析出数字: 'Let’s break down what’s being asked'
[ERROR] 2025-10-06 22:41:44] (Worker_1) 无法为问题 'Let $S_{0}$ be a unit square in the Cartesian plan...' 获取难度等级，已跳过。
[INFO] 2025-10-06 22:41:45] (Worker_4) 成功为问题 'Let  $n \ge 2$  be an integer, and let  $O$  be th...' 评定难度: 7
[INFO] 2025-10-06 22:41:45] (Worker_3) 成功为问题 'Suppose 2012 reals are selected independently and ...' 评定难度: 9
[INFO] 2025-10-06 22:41:45] (Worker_2) 成功为问题 'How many functions $f$ from \{-1005, \ldots, 1005\...' 评定难度: 9
[INFO] 2025-10-06 22:41:45] (Worker_0) 成功为问题 'Dipole Conductor An (ideal) electric dipole of mag...' 评定难度: 7
[INFO] 2025-10-06 22:41:46] (Worker_1) 成功为问题 'For an arbitrary positive integer  $m$ , not divis...' 评定难度: 7
[INFO] 2025-10-06 22:41:47] (Worker_4) 成功为问题 'Among all ellipses with center at the origin, exac...' 评定难度: 8
[INFO] 2025-10-06 22:41:47] (Worker_3) 成功为问题 'Let  $p(x)$  be the monic cubic polynomial with ro...' 评定难度: 8
[INFO] 2025-10-06 22:41:47] (MainThread) 处理完成！更新后的 1000 条数据已成功保存回 'D:\JIAYU\Documents\GitHub\Efficient-collaboration\dataset\TestData\s1k1_data.json'。
[INFO] 2025-10-06 22:41:47] (MainThread) ===== 脚本执行完毕 =====
